prompt,model,mode,S_1000,ci_low,ci_high
many_examples,Gemma-4-31B-FP8,alternating_case,20.51,9.76,31.44
many_examples,Gemma-4-31B-FP8,end_of_sentence,65.86,53.31,77.31
many_examples,Gemma-4-31B-FP8,lowercase_thinking,68.12,55.37,79.1
many_examples,Gemma-4-31B-FP8,meow_between_words,59.68,47.01,71.8
many_examples,Gemma-4-31B-FP8,multiple_word_suppression,27.1,16.95,38.22
many_examples,Gemma-4-31B-FP8,no_digits,88.15,79.89,95.2
many_examples,Gemma-4-31B-FP8,no_first_person,33.46,19.94,47.38
many_examples,Gemma-4-31B-FP8,uppercase_thinking,36.06,24.73,47.98
many_examples,Gemma-4-31B-FP8,word_suppression,58.29,46.25,70.37
many_examples,Qwen3-32B,alternating_case,0.0,0.0,0.0
many_examples,Qwen3-32B,end_of_sentence,57.04,42.33,70.99
many_examples,Qwen3-32B,lowercase_thinking,55.9,42.04,68.63
many_examples,Qwen3-32B,meow_between_words,83.37,75.12,91.35
many_examples,Qwen3-32B,multiple_word_suppression,4.44,0.0,12.22
many_examples,Qwen3-32B,no_digits,18.0,0.0,34.28
many_examples,Qwen3-32B,no_first_person,63.61,50.21,76.42
many_examples,Qwen3-32B,uppercase_thinking,0.0,0.0,0.0
many_examples,Qwen3-32B,word_suppression,19.41,8.91,30.61
many_examples,Qwen3.8-27B-FP8,alternating_case,2.02,0.0,6.34
many_examples,Qwen3.8-27B-FP8,end_of_sentence,29.11,16.36,41.52
many_examples,Qwen3.8-27B-FP8,lowercase_thinking,60.63,48.28,72.4
many_examples,Qwen3.8-27B-FP8,meow_between_words,58.52,45.68,70.72
many_examples,Qwen3.8-27B-FP8,multiple_word_suppression,6.0,1.39,11.92
many_examples,Qwen3.8-27B-FP8,no_digits,43.75,30.42,56.79
many_examples,Qwen3.8-27B-FP8,no_first_person,15.61,4.47,27.44
many_examples,Qwen3.8-27B-FP8,uppercase_thinking,59.66,44.92,74.26
many_examples,Qwen3.8-27B-FP8,word_suppression,38.22,27.41,49.73
monitored,Gemma-4-31B-FP8,alternating_case,11.31,3.77,19.08
monitored,Gemma-4-31B-FP8,end_of_sentence,64.63,51.8,77.22
monitored,Gemma-4-31B-FP8,lowercase_thinking,69.99,58.4,80.2
monitored,Gemma-4-31B-FP8,meow_between_words,58.07,46.13,69.74
monitored,Gemma-4-31B-FP8,multiple_word_suppression,16.24,7.84,24.82
monitored,Gemma-4-31B-FP8,no_digits,89.96,81.1,96.67
monitored,Gemma-4-31B-FP8,no_first_person,37.19,21.67,51.97
monitored,Gemma-4-31B-FP8,uppercase_thinking,30.52,18.73,42.2
monitored,Gemma-4-31B-FP8,word_suppression,66.2,54.56,77.55
monitored,Qwen3-32B,alternating_case,0.0,0.0,0.0
monitored,Qwen3-32B,end_of_sentence,39.84,25.71,53.83
monitored,Qwen3-32B,lowercase_thinking,48.19,25.62,65.17
monitored,Qwen3-32B,meow_between_words,89.22,82.03,95.3
monitored,Qwen3-32B,multiple_word_suppression,3.46,0.0,8.64
monitored,Qwen3-32B,no_digits,17.05,0.0,31.96
monitored,Qwen3-32B,no_first_person,9.67,2.84,17.37
monitored,Qwen3-32B,uppercase_thinking,0.0,0.0,0.0
monitored,Qwen3-32B,word_suppression,12.68,3.75,21.75
monitored,Qwen3.8-27B-FP8,alternating_case,1.48,0.0,4.67
monitored,Qwen3.8-27B-FP8,end_of_sentence,18.86,7.88,29.43
monitored,Qwen3.8-27B-FP8,lowercase_thinking,61.29,48.74,73.54
monitored,Qwen3.8-27B-FP8,meow_between_words,47.47,36.79,58.44
monitored,Qwen3.8-27B-FP8,multiple_word_suppression,8.25,2.06,15.56
monitored,Qwen3.8-27B-FP8,no_digits,24.63,14.46,35.01
monitored,Qwen3.8-27B-FP8,no_first_person,10.64,0.0,20.84
monitored,Qwen3.8-27B-FP8,uppercase_thinking,48.01,35.34,60.47
monitored,Qwen3.8-27B-FP8,word_suppression,25.28,15.6,35.03
named_once,Gemma-4-31B-FP8,multiple_word_suppression,10.98,4.85,18.22
named_once,Gemma-4-31B-FP8,no_digits,90.4,81.92,97.73
named_once,Gemma-4-31B-FP8,no_first_person,49.48,34.12,63.63
named_once,Gemma-4-31B-FP8,word_suppression,43.35,32.0,54.87
named_once,Qwen3-32B,multiple_word_suppression,6.35,0.0,13.83
named_once,Qwen3-32B,no_digits,23.16,11.11,35.38
named_once,Qwen3-32B,no_first_person,1.11,0.0,3.33
named_once,Qwen3-32B,word_suppression,26.07,16.44,35.75
named_once,Qwen3.8-27B-FP8,multiple_word_suppression,6.73,0.0,13.33
named_once,Qwen3.8-27B-FP8,no_digits,17.34,6.33,27.72
named_once,Qwen3.8-27B-FP8,no_first_person,16.8,5.33,28.33
named_once,Qwen3.8-27B-FP8,word_suppression,32.27,22.08,42.58
own_compliant,Gemma-4-31B-FP8,alternating_case,21.35,10.69,32.73
own_compliant,Gemma-4-31B-FP8,end_of_sentence,67.21,54.24,79.9
own_compliant,Gemma-4-31B-FP8,lowercase_thinking,73.55,62.78,83.42
own_compliant,Gemma-4-31B-FP8,meow_between_words,53.79,41.02,65.9
own_compliant,Gemma-4-31B-FP8,multiple_word_suppression,24.92,13.38,37.21
own_compliant,Gemma-4-31B-FP8,no_digits,90.65,80.28,98.25
own_compliant,Gemma-4-31B-FP8,no_first_person,38.35,21.23,54.14
own_compliant,Gemma-4-31B-FP8,uppercase_thinking,47.2,34.68,59.28
own_compliant,Gemma-4-31B-FP8,word_suppression,69.5,56.77,81.29
own_compliant,Qwen3-32B,end_of_sentence,50.47,30.69,69.03
own_compliant,Qwen3-32B,lowercase_thinking,69.86,60.5,79.73
own_compliant,Qwen3-32B,meow_between_words,87.06,78.59,94.23
own_compliant,Qwen3-32B,multiple_word_suppression,1.11,0.0,3.33
own_compliant,Qwen3-32B,no_digits,22.75,9.25,35.47
own_compliant,Qwen3-32B,no_first_person,13.25,0.0,25.56
own_compliant,Qwen3-32B,word_suppression,18.35,9.62,27.87
own_compliant,Qwen3.8-27B-FP8,end_of_sentence,4.75,0.0,11.49
own_compliant,Qwen3.8-27B-FP8,lowercase_thinking,50.72,38.03,62.67
own_compliant,Qwen3.8-27B-FP8,meow_between_words,43.58,32.09,54.71
own_compliant,Qwen3.8-27B-FP8,multiple_word_suppression,4.82,0.0,10.37
own_compliant,Qwen3.8-27B-FP8,no_digits,18.5,6.95,29.55
own_compliant,Qwen3.8-27B-FP8,no_first_person,2.61,0.0,8.73
own_compliant,Qwen3.8-27B-FP8,uppercase_thinking,49.87,37.51,61.91
own_compliant,Qwen3.8-27B-FP8,word_suppression,27.24,16.54,39.46
own_guide,Gemma-4-31B-FP8,alternating_case,8.13,0.0,16.5
own_guide,Gemma-4-31B-FP8,end_of_sentence,32.43,21.38,43.53
own_guide,Gemma-4-31B-FP8,lowercase_thinking,57.63,44.96,69.8
own_guide,Gemma-4-31B-FP8,meow_between_words,12.88,5.24,21.26
own_guide,Gemma-4-31B-FP8,multiple_word_suppression,8.31,2.69,15.06
own_guide,Gemma-4-31B-FP8,no_digits,57.33,46.1,68.11
own_guide,Gemma-4-31B-FP8,no_first_person,38.38,25.99,51.32
own_guide,Gemma-4-31B-FP8,uppercase_thinking,15.91,7.1,25.09
own_guide,Gemma-4-31B-FP8,word_suppression,37.0,26.28,48.0
own_guide,Qwen3-32B,alternating_case,0.0,0.0,0.0
own_guide,Qwen3-32B,end_of_sentence,34.45,22.27,47.43
own_guide,Qwen3-32B,lowercase_thinking,37.36,23.87,50.78
own_guide,Qwen3-32B,meow_between_words,87.89,80.29,94.28
own_guide,Qwen3-32B,multiple_word_suppression,3.7,0.0,8.73
own_guide,Qwen3-32B,no_digits,10.64,0.0,29.99
own_guide,Qwen3-32B,no_first_person,9.43,3.7,16.3
own_guide,Qwen3-32B,uppercase_thinking,0.0,0.0,0.0
own_guide,Qwen3-32B,word_suppression,12.01,3.12,22.01
own_guide,Qwen3.8-27B-FP8,alternating_case,2.22,0.0,5.56
own_guide,Qwen3.8-27B-FP8,end_of_sentence,16.05,6.76,26.05
own_guide,Qwen3.8-27B-FP8,lowercase_thinking,66.81,55.79,77.2
own_guide,Qwen3.8-27B-FP8,meow_between_words,46.45,34.37,57.93
own_guide,Qwen3.8-27B-FP8,multiple_word_suppression,7.11,1.85,13.33
own_guide,Qwen3.8-27B-FP8,no_digits,21.43,11.72,31.04
own_guide,Qwen3.8-27B-FP8,no_first_person,21.85,9.36,33.77
own_guide,Qwen3.8-27B-FP8,uppercase_thinking,32.66,21.19,44.16
own_guide,Qwen3.8-27B-FP8,word_suppression,26.83,17.78,36.54
upgraded,Gemma-4-31B-FP8,alternating_case,13.53,0.0,26.03
upgraded,Gemma-4-31B-FP8,end_of_sentence,54.42,40.67,67.27
upgraded,Gemma-4-31B-FP8,lowercase_thinking,75.18,65.26,84.25
upgraded,Gemma-4-31B-FP8,meow_between_words,59.27,47.89,70.98
upgraded,Gemma-4-31B-FP8,multiple_word_suppression,13.61,6.15,22.09
upgraded,Gemma-4-31B-FP8,no_digits,83.2,71.72,92.78
upgraded,Gemma-4-31B-FP8,no_first_person,38.81,22.82,54.53
upgraded,Gemma-4-31B-FP8,uppercase_thinking,26.5,14.99,38.15
upgraded,Gemma-4-31B-FP8,word_suppression,74.46,62.64,84.62
upgraded,Qwen3-32B,alternating_case,0.0,0.0,0.0
upgraded,Qwen3-32B,end_of_sentence,37.58,17.81,56.49
upgraded,Qwen3-32B,lowercase_thinking,62.82,51.59,73.85
upgraded,Qwen3-32B,meow_between_words,82.34,73.88,89.98
upgraded,Qwen3-32B,multiple_word_suppression,2.27,0.0,7.58
upgraded,Qwen3-32B,no_digits,24.12,13.51,34.87
upgraded,Qwen3-32B,no_first_person,5.83,0.0,17.31
upgraded,Qwen3-32B,uppercase_thinking,0.0,0.0,0.0
upgraded,Qwen3-32B,word_suppression,18.78,9.52,27.91
upgraded,Qwen3.8-27B-FP8,alternating_case,0.0,0.0,0.0
upgraded,Qwen3.8-27B-FP8,end_of_sentence,14.13,3.85,25.85
upgraded,Qwen3.8-27B-FP8,lowercase_thinking,50.12,37.05,62.62
upgraded,Qwen3.8-27B-FP8,meow_between_words,47.95,36.62,59.48
upgraded,Qwen3.8-27B-FP8,multiple_word_suppression,7.76,2.49,14.34
upgraded,Qwen3.8-27B-FP8,no_digits,13.35,0.0,24.46
upgraded,Qwen3.8-27B-FP8,no_first_person,5.63,0.0,18.0
upgraded,Qwen3.8-27B-FP8,uppercase_thinking,37.23,25.89,49.66
upgraded,Qwen3.8-27B-FP8,word_suppression,28.37,18.62,38.82
