metric,cell,model,mode,value,ci_low,ci_high
S_200,A|commitment|on,Gemma-4-31B-FP8,alternating_case,68.75,61.88,75.63
S_1000,A|commitment|on,Gemma-4-31B-FP8,alternating_case,15.25,8.42,23.5
S_200,A|commitment|on,Gemma-4-31B-FP8,no_first_person,76.23,69.16,82.83
S_1000,A|commitment|on,Gemma-4-31B-FP8,no_first_person,31.34,18.69,42.76
S_200,A|commitment|on,Qwen3-32B,alternating_case,19.37,13.75,25.63
S_1000,A|commitment|on,Qwen3-32B,alternating_case,3.11,0.0,6.64
S_200,A|commitment|on,Qwen3-32B,no_first_person,80.58,74.86,86.23
S_1000,A|commitment|on,Qwen3-32B,no_first_person,66.13,54.24,75.78
S_200,A|commitment|on,Qwen3.6-27B-FP8,alternating_case,26.25,19.38,33.13
S_1000,A|commitment|on,Qwen3.6-27B-FP8,alternating_case,0.73,0.0,2.34
S_200,A|commitment|on,Qwen3.6-27B-FP8,no_first_person,31.79,24.24,39.04
S_1000,A|commitment|on,Qwen3.6-27B-FP8,no_first_person,3.65,0.0,8.81
S_200,A|commitment|on,Qwen3.8-27B-FP8,alternating_case,6.58,3.12,10.78
S_1000,A|commitment|on,Qwen3.8-27B-FP8,alternating_case,0.0,0.0,0.0
S_200,A|commitment|on,Qwen3.8-27B-FP8,no_first_person,58.03,50.31,65.61
S_1000,A|commitment|on,Qwen3.8-27B-FP8,no_first_person,16.24,9.65,23.07
S_200,A|compliant|on,Gemma-4-31B-FP8,alternating_case,68.75,61.25,75.63
S_1000,A|compliant|on,Gemma-4-31B-FP8,alternating_case,30.17,23.2,37.73
S_200,A|compliant|on,Gemma-4-31B-FP8,no_first_person,83.74,78.1,89.38
S_1000,A|compliant|on,Gemma-4-31B-FP8,no_first_person,31.87,20.95,42.88
S_200,A|compliant|on,Qwen3-32B,alternating_case,20.62,14.37,26.87
S_1000,A|compliant|on,Qwen3-32B,alternating_case,0.91,0.0,2.95
S_200,A|compliant|on,Qwen3-32B,no_first_person,70.57,63.67,77.45
S_1000,A|compliant|on,Qwen3-32B,no_first_person,49.12,34.49,61.1
S_200,A|compliant|on,Qwen3.6-27B-FP8,alternating_case,33.75,26.87,40.63
S_1000,A|compliant|on,Qwen3.6-27B-FP8,alternating_case,0.94,0.0,2.92
S_200,A|compliant|on,Qwen3.6-27B-FP8,no_first_person,28.47,21.59,35.88
S_1000,A|compliant|on,Qwen3.6-27B-FP8,no_first_person,0.0,0.0,6.27
S_200,A|compliant|on,Qwen3.8-27B-FP8,alternating_case,9.37,5.0,13.75
S_1000,A|compliant|on,Qwen3.8-27B-FP8,alternating_case,0.0,0.0,0.0
S_200,A|compliant|on,Qwen3.8-27B-FP8,no_first_person,44.16,36.63,51.75
S_1000,A|compliant|on,Qwen3.8-27B-FP8,no_first_person,11.79,5.75,18.03
S_200,A|noncompliant|on,Gemma-4-31B-FP8,alternating_case,6.25,2.5,10.0
S_1000,A|noncompliant|on,Gemma-4-31B-FP8,alternating_case,2.5,0.62,5.0
S_200,A|noncompliant|on,Gemma-4-31B-FP8,no_first_person,81.84,75.59,87.48
S_1000,A|noncompliant|on,Gemma-4-31B-FP8,no_first_person,17.25,5.54,29.17
S_200,A|noncompliant|on,Qwen3-32B,alternating_case,0.0,0.0,0.0
S_1000,A|noncompliant|on,Qwen3-32B,alternating_case,0.0,0.0,0.0
S_200,A|noncompliant|on,Qwen3-32B,no_first_person,30.0,23.13,37.5
S_1000,A|noncompliant|on,Qwen3-32B,no_first_person,19.92,12.57,26.78
S_200,A|noncompliant|on,Qwen3.6-27B-FP8,alternating_case,0.0,0.0,0.0
S_1000,A|noncompliant|on,Qwen3.6-27B-FP8,alternating_case,0.0,0.0,0.0
S_200,A|noncompliant|on,Qwen3.6-27B-FP8,no_first_person,16.2,10.62,21.88
S_1000,A|noncompliant|on,Qwen3.6-27B-FP8,no_first_person,2.02,0.0,4.65
S_200,A|noncompliant|on,Qwen3.8-27B-FP8,alternating_case,0.0,0.0,0.0
S_1000,A|noncompliant|on,Qwen3.8-27B-FP8,alternating_case,0.0,0.0,0.0
S_200,A|noncompliant|on,Qwen3.8-27B-FP8,no_first_person,26.87,20.62,33.75
S_1000,A|noncompliant|on,Qwen3.8-27B-FP8,no_first_person,6.73,1.99,12.18
accuracy,A|none|full,Gemma-4-31B-FP8,alternating_case,52.5,37.14,67.44
accuracy,A|none|full,Gemma-4-31B-FP8,no_digits,57.5,42.1,72.5
accuracy,A|none|full,Gemma-4-31B-FP8,no_first_person,55.0,39.99,70.46
accuracy,A|none|full,Qwen3-32B,alternating_case,42.5,27.03,57.89
accuracy,A|none|full,Qwen3-32B,no_digits,47.5,32.43,63.64
accuracy,A|none|full,Qwen3-32B,no_first_person,45.0,29.27,60.47
accuracy,A|none|full,Qwen3.6-27B-FP8,alternating_case,47.5,31.71,63.41
accuracy,A|none|full,Qwen3.6-27B-FP8,no_digits,57.5,42.11,72.92
accuracy,A|none|full,Qwen3.6-27B-FP8,no_first_person,57.5,42.22,72.73
accuracy,A|none|full,Qwen3.8-27B-FP8,alternating_case,57.5,41.94,72.23
accuracy,A|none|full,Qwen3.8-27B-FP8,no_digits,60.0,44.67,75.0
accuracy,A|none|full,Qwen3.8-27B-FP8,no_first_person,60.0,44.12,75.0
S_200,A|none|off,Gemma-4-31B-FP8,alternating_case,76.6,69.92,83.02
S_1000,A|none|off,Gemma-4-31B-FP8,alternating_case,35.19,0.0,61.25
S_200,A|none|off,Gemma-4-31B-FP8,no_digits,100.0,100.0,100.0
S_1000,A|none|off,Gemma-4-31B-FP8,no_digits,98.11,93.62,100.0
S_200,A|none|off,Gemma-4-31B-FP8,no_first_person,94.49,90.65,97.95
S_1000,A|none|off,Gemma-4-31B-FP8,no_first_person,68.69,36.4,90.6
S_200,A|none|off,Qwen3-32B,alternating_case,28.13,21.25,35.0
S_1000,A|none|off,Qwen3-32B,alternating_case,1.67,0.0,4.02
S_200,A|none|off,Qwen3-32B,no_digits,52.1,44.08,59.72
S_1000,A|none|off,Qwen3-32B,no_digits,36.44,14.74,52.17
S_200,A|none|off,Qwen3-32B,no_first_person,90.75,85.94,95.29
S_1000,A|none|off,Qwen3-32B,no_first_person,44.81,0.0,93.32
S_200,A|none|off,Qwen3.6-27B-FP8,alternating_case,17.5,11.87,23.13
S_1000,A|none|off,Qwen3.6-27B-FP8,alternating_case,1.17,0.0,3.9
S_200,A|none|off,Qwen3.6-27B-FP8,no_digits,36.12,29.06,43.7
S_1000,A|none|off,Qwen3.6-27B-FP8,no_digits,17.43,10.22,24.98
S_200,A|none|off,Qwen3.6-27B-FP8,no_first_person,47.58,40.07,55.01
S_1000,A|none|off,Qwen3.6-27B-FP8,no_first_person,8.23,0.0,16.4
S_200,A|none|off,Qwen3.8-27B-FP8,alternating_case,4.38,1.87,7.5
S_1000,A|none|off,Qwen3.8-27B-FP8,alternating_case,0.0,0.0,0.0
S_200,A|none|off,Qwen3.8-27B-FP8,no_digits,64.92,57.5,72.35
S_1000,A|none|off,Qwen3.8-27B-FP8,no_digits,35.28,23.39,46.64
S_200,A|none|off,Qwen3.8-27B-FP8,no_first_person,72.74,65.39,79.71
S_1000,A|none|off,Qwen3.8-27B-FP8,no_first_person,33.25,23.54,43.23
S_200,A|none|on,Gemma-4-31B-FP8,alternating_case,57.5,49.38,65.62
S_1000,A|none|on,Gemma-4-31B-FP8,alternating_case,15.12,9.12,21.43
S_200,A|none|on,Gemma-4-31B-FP8,multiple_word_suppression,61.63,54.16,69.12
S_1000,A|none|on,Gemma-4-31B-FP8,multiple_word_suppression,20.6,13.37,28.22
S_200,A|none|on,Gemma-4-31B-FP8,no_digits,98.75,96.88,100.0
S_1000,A|none|on,Gemma-4-31B-FP8,no_digits,87.37,80.52,93.46
S_200,A|none|on,Gemma-4-31B-FP8,no_first_person,88.06,82.86,92.5
S_1000,A|none|on,Gemma-4-31B-FP8,no_first_person,48.26,36.54,59.5
S_200,A|none|on,Qwen3-32B,alternating_case,0.0,0.0,0.0
S_1000,A|none|on,Qwen3-32B,alternating_case,0.0,0.0,0.0
S_200,A|none|on,Qwen3-32B,multiple_word_suppression,12.5,7.5,17.5
S_1000,A|none|on,Qwen3-32B,multiple_word_suppression,5.23,1.64,9.42
S_200,A|none|on,Qwen3-32B,no_digits,41.1,33.62,49.14
S_1000,A|none|on,Qwen3-32B,no_digits,21.74,9.87,32.1
S_200,A|none|on,Qwen3-32B,no_first_person,72.48,65.55,79.36
S_1000,A|none|on,Qwen3-32B,no_first_person,52.48,41.72,62.23
S_200,A|none|on,Qwen3.6-27B-FP8,alternating_case,40.63,32.5,48.75
S_1000,A|none|on,Qwen3.6-27B-FP8,alternating_case,2.57,0.62,5.26
S_200,A|none|on,Qwen3.6-27B-FP8,multiple_word_suppression,3.75,1.25,6.88
S_1000,A|none|on,Qwen3.6-27B-FP8,multiple_word_suppression,1.25,0.0,3.13
S_200,A|none|on,Qwen3.6-27B-FP8,no_digits,53.46,45.51,61.11
S_1000,A|none|on,Qwen3.6-27B-FP8,no_digits,21.13,13.26,28.93
S_200,A|none|on,Qwen3.6-27B-FP8,no_first_person,45.84,37.87,53.53
S_1000,A|none|on,Qwen3.6-27B-FP8,no_first_person,2.03,0.0,6.3
S_200,A|none|on,Qwen3.8-27B-FP8,alternating_case,7.17,3.13,11.25
S_1000,A|none|on,Qwen3.8-27B-FP8,alternating_case,0.0,0.0,2.71
S_200,A|none|on,Qwen3.8-27B-FP8,multiple_word_suppression,16.25,11.25,21.88
S_1000,A|none|on,Qwen3.8-27B-FP8,multiple_word_suppression,6.37,1.93,11.38
S_200,A|none|on,Qwen3.8-27B-FP8,no_digits,62.76,55.31,70.29
S_1000,A|none|on,Qwen3.8-27B-FP8,no_digits,35.7,26.6,45.25
S_200,A|none|on,Qwen3.8-27B-FP8,no_first_person,61.13,53.62,68.65
S_1000,A|none|on,Qwen3.8-27B-FP8,no_first_person,11.68,4.53,19.59
accuracy,baseline|none|full,Gemma-4-31B-FP8,alternating_case,60.0,44.44,75.0
accuracy,baseline|none|full,Gemma-4-31B-FP8,multiple_word_suppression,60.0,44.74,75.0
accuracy,baseline|none|full,Gemma-4-31B-FP8,no_digits,62.5,47.22,77.14
accuracy,baseline|none|full,Gemma-4-31B-FP8,no_first_person,65.0,50.0,80.0
accuracy,baseline|none|full,Qwen3-32B,alternating_case,47.5,31.71,62.27
accuracy,baseline|none|full,Qwen3-32B,multiple_word_suppression,42.5,27.58,57.14
accuracy,baseline|none|full,Qwen3-32B,no_digits,45.0,30.0,59.59
accuracy,baseline|none|full,Qwen3-32B,no_first_person,47.5,31.71,62.79
accuracy,baseline|none|full,Qwen3.6-27B-FP8,alternating_case,60.0,44.68,75.0
accuracy,baseline|none|full,Qwen3.6-27B-FP8,multiple_word_suppression,60.0,45.0,74.36
accuracy,baseline|none|full,Qwen3.6-27B-FP8,no_digits,62.5,47.5,77.42
accuracy,baseline|none|full,Qwen3.6-27B-FP8,no_first_person,55.0,39.47,70.59
accuracy,baseline|none|full,Qwen3.8-27B-FP8,alternating_case,65.0,50.0,79.17
accuracy,baseline|none|full,Qwen3.8-27B-FP8,multiple_word_suppression,65.0,48.89,80.0
accuracy,baseline|none|full,Qwen3.8-27B-FP8,no_digits,62.5,47.06,77.5
accuracy,baseline|none|full,Qwen3.8-27B-FP8,no_first_person,55.0,39.02,70.73
S_200,baseline|none|off,Gemma-4-31B-FP8,alternating_case,48.21,40.39,56.36
S_1000,baseline|none|off,Gemma-4-31B-FP8,alternating_case,18.97,0.0,32.88
S_200,baseline|none|off,Gemma-4-31B-FP8,multiple_word_suppression,63.63,54.51,72.4
S_1000,baseline|none|off,Gemma-4-31B-FP8,multiple_word_suppression,37.86,0.0,60.7
S_200,baseline|none|off,Gemma-4-31B-FP8,no_digits,95.51,91.78,98.67
S_1000,baseline|none|off,Gemma-4-31B-FP8,no_digits,80.15,57.44,94.56
S_200,baseline|none|off,Gemma-4-31B-FP8,no_first_person,88.94,83.68,93.46
S_1000,baseline|none|off,Gemma-4-31B-FP8,no_first_person,46.24,26.52,63.02
S_200,baseline|none|off,Qwen3-32B,alternating_case,1.76,0.0,4.22
S_1000,baseline|none|off,Qwen3-32B,alternating_case,0.0,0.0,2.64
S_200,baseline|none|off,Qwen3-32B,multiple_word_suppression,38.33,29.71,46.88
S_1000,baseline|none|off,Qwen3-32B,multiple_word_suppression,15.44,0.0,29.9
S_200,baseline|none|off,Qwen3-32B,no_digits,48.2,38.74,57.58
S_1000,baseline|none|off,Qwen3-32B,no_digits,36.63,14.81,52.93
S_200,baseline|none|off,Qwen3-32B,no_first_person,72.95,65.32,79.53
S_1000,baseline|none|off,Qwen3-32B,no_first_person,58.33,40.55,71.7
S_200,baseline|none|off,Qwen3.6-27B-FP8,alternating_case,22.33,15.91,28.75
S_1000,baseline|none|off,Qwen3.6-27B-FP8,alternating_case,0.0,0.0,5.63
S_200,baseline|none|off,Qwen3.6-27B-FP8,multiple_word_suppression,16.64,10.98,23.08
S_1000,baseline|none|off,Qwen3.6-27B-FP8,multiple_word_suppression,5.77,0.0,11.07
S_200,baseline|none|off,Qwen3.6-27B-FP8,no_digits,50.77,42.7,59.01
S_1000,baseline|none|off,Qwen3.6-27B-FP8,no_digits,14.02,3.82,24.7
S_200,baseline|none|off,Qwen3.6-27B-FP8,no_first_person,44.69,37.16,51.86
S_1000,baseline|none|off,Qwen3.6-27B-FP8,no_first_person,12.58,4.73,20.72
S_200,baseline|none|off,Qwen3.8-27B-FP8,alternating_case,0.63,0.0,1.88
S_1000,baseline|none|off,Qwen3.8-27B-FP8,alternating_case,0.0,0.0,0.0
S_200,baseline|none|off,Qwen3.8-27B-FP8,multiple_word_suppression,18.14,11.88,24.31
S_1000,baseline|none|off,Qwen3.8-27B-FP8,multiple_word_suppression,6.57,0.0,12.79
S_200,baseline|none|off,Qwen3.8-27B-FP8,no_digits,40.05,32.2,47.7
S_1000,baseline|none|off,Qwen3.8-27B-FP8,no_digits,7.38,0.0,17.84
S_200,baseline|none|off,Qwen3.8-27B-FP8,no_first_person,44.15,36.68,51.84
S_1000,baseline|none|off,Qwen3.8-27B-FP8,no_first_person,10.49,2.94,18.92
S_200,baseline|none|on,Gemma-4-31B-FP8,alternating_case,0.0,0.0,0.0
S_1000,baseline|none|on,Gemma-4-31B-FP8,alternating_case,0.0,0.0,0.0
S_200,baseline|none|on,Gemma-4-31B-FP8,multiple_word_suppression,28.13,21.25,35.0
S_1000,baseline|none|on,Gemma-4-31B-FP8,multiple_word_suppression,12.96,7.56,18.63
S_200,baseline|none|on,Gemma-4-31B-FP8,no_digits,51.88,44.38,59.38
S_1000,baseline|none|on,Gemma-4-31B-FP8,no_digits,33.95,26.27,41.68
S_200,baseline|none|on,Gemma-4-31B-FP8,no_first_person,81.88,75.63,87.5
S_1000,baseline|none|on,Gemma-4-31B-FP8,no_first_person,20.26,13.52,27.29
S_200,baseline|none|on,Qwen3-32B,alternating_case,0.0,0.0,0.0
S_1000,baseline|none|on,Qwen3-32B,alternating_case,0.0,0.0,0.0
S_200,baseline|none|on,Qwen3-32B,multiple_word_suppression,7.5,3.75,11.87
S_1000,baseline|none|on,Qwen3-32B,multiple_word_suppression,2.0,0.0,4.87
S_200,baseline|none|on,Qwen3-32B,no_digits,41.88,34.38,50.0
S_1000,baseline|none|on,Qwen3-32B,no_digits,21.96,13.66,30.31
S_200,baseline|none|on,Qwen3-32B,no_first_person,0.0,0.0,0.0
S_1000,baseline|none|on,Qwen3-32B,no_first_person,0.0,0.0,0.0
S_200,baseline|none|on,Qwen3.6-27B-FP8,alternating_case,0.0,0.0,0.0
S_1000,baseline|none|on,Qwen3.6-27B-FP8,alternating_case,0.0,0.0,0.0
S_200,baseline|none|on,Qwen3.6-27B-FP8,multiple_word_suppression,7.5,3.75,11.87
S_1000,baseline|none|on,Qwen3.6-27B-FP8,multiple_word_suppression,1.25,0.0,3.12
S_200,baseline|none|on,Qwen3.6-27B-FP8,no_digits,1.25,0.0,3.12
S_1000,baseline|none|on,Qwen3.6-27B-FP8,no_digits,0.62,0.0,1.88
S_200,baseline|none|on,Qwen3.6-27B-FP8,no_first_person,61.88,54.37,69.38
S_1000,baseline|none|on,Qwen3.6-27B-FP8,no_first_person,6.88,3.13,11.25
S_200,baseline|none|on,Qwen3.8-27B-FP8,alternating_case,0.0,0.0,0.0
S_1000,baseline|none|on,Qwen3.8-27B-FP8,alternating_case,0.0,0.0,0.0
S_200,baseline|none|on,Qwen3.8-27B-FP8,multiple_word_suppression,10.0,5.62,15.0
S_1000,baseline|none|on,Qwen3.8-27B-FP8,multiple_word_suppression,4.17,1.25,7.5
S_200,baseline|none|on,Qwen3.8-27B-FP8,no_digits,18.75,13.12,25.0
S_1000,baseline|none|on,Qwen3.8-27B-FP8,no_digits,12.41,7.09,18.5
S_200,baseline|none|on,Qwen3.8-27B-FP8,no_first_person,5.56,2.5,9.37
S_1000,baseline|none|on,Qwen3.8-27B-FP8,no_first_person,0.87,0.0,3.1
S_200,no_rule|compliant|on,Gemma-4-31B-FP8,alternating_case,0.0,0.0,0.0
S_1000,no_rule|compliant|on,Gemma-4-31B-FP8,alternating_case,0.0,0.0,0.0
S_200,no_rule|compliant|on,Gemma-4-31B-FP8,no_first_person,52.5,45.0,60.0
S_1000,no_rule|compliant|on,Gemma-4-31B-FP8,no_first_person,5.41,1.31,10.44
S_200,no_rule|compliant|on,Qwen3-32B,alternating_case,0.0,0.0,0.0
S_1000,no_rule|compliant|on,Qwen3-32B,alternating_case,0.0,0.0,0.0
S_200,no_rule|compliant|on,Qwen3-32B,no_first_person,0.0,0.0,0.0
S_1000,no_rule|compliant|on,Qwen3-32B,no_first_person,0.0,0.0,0.0
S_200,no_rule|compliant|on,Qwen3.6-27B-FP8,alternating_case,9.37,5.0,13.77
S_1000,no_rule|compliant|on,Qwen3.6-27B-FP8,alternating_case,0.0,0.0,0.0
S_200,no_rule|compliant|on,Qwen3.6-27B-FP8,no_first_person,14.37,9.37,20.0
S_1000,no_rule|compliant|on,Qwen3.6-27B-FP8,no_first_person,0.62,0.0,1.88
S_200,no_rule|compliant|on,Qwen3.8-27B-FP8,alternating_case,5.0,1.87,8.75
S_1000,no_rule|compliant|on,Qwen3.8-27B-FP8,alternating_case,0.0,0.0,0.0
S_200,no_rule|compliant|on,Qwen3.8-27B-FP8,no_first_person,0.0,0.0,0.0
S_1000,no_rule|compliant|on,Qwen3.8-27B-FP8,no_first_person,0.0,0.0,0.0
accuracy,no_rule|none|full,Gemma-4-31B-FP8,alternating_case,65.0,50.0,80.0
accuracy,no_rule|none|full,Gemma-4-31B-FP8,multiple_word_suppression,65.0,50.0,80.0
accuracy,no_rule|none|full,Gemma-4-31B-FP8,no_digits,65.0,50.0,80.0
accuracy,no_rule|none|full,Gemma-4-31B-FP8,no_first_person,65.0,50.0,80.0
accuracy,no_rule|none|full,Qwen3-32B,alternating_case,45.0,28.95,60.0
accuracy,no_rule|none|full,Qwen3-32B,multiple_word_suppression,45.0,28.95,60.0
accuracy,no_rule|none|full,Qwen3-32B,no_digits,45.0,28.95,60.0
accuracy,no_rule|none|full,Qwen3-32B,no_first_person,45.0,28.95,60.0
accuracy,no_rule|none|full,Qwen3.6-27B-FP8,alternating_case,62.5,47.22,77.5
accuracy,no_rule|none|full,Qwen3.6-27B-FP8,multiple_word_suppression,62.5,47.22,77.5
accuracy,no_rule|none|full,Qwen3.6-27B-FP8,no_digits,62.5,47.22,77.5
accuracy,no_rule|none|full,Qwen3.6-27B-FP8,no_first_person,62.5,47.22,77.5
accuracy,no_rule|none|full,Qwen3.8-27B-FP8,alternating_case,67.5,52.5,81.58
accuracy,no_rule|none|full,Qwen3.8-27B-FP8,multiple_word_suppression,67.5,52.5,81.58
accuracy,no_rule|none|full,Qwen3.8-27B-FP8,no_digits,67.5,52.5,81.58
accuracy,no_rule|none|full,Qwen3.8-27B-FP8,no_first_person,67.5,52.5,81.58
