model,prompt,opening,thinking,mode,n,S_1000,ci_lo,ci_hi,clean_200,empty_share
Qwen3.8-27B-FP8,baseline,none,True,lowercase_thinking,100,3.0000000000000027,0.0,6.999999999999995,4.0,0.0
Qwen3.8-27B-FP8,baseline,none,True,uppercase_thinking,100,1.000000000000001,0.0,3.0000000000000027,0.0,0.0
Qwen3.8-27B-FP8,baseline,none,True,meow_between_words,100,0.0,0.0,0.0,0.0,0.0
Qwen3.8-27B-FP8,baseline,none,True,end_of_sentence,100,0.0,0.0,0.0,0.0,0.0
Qwen3.8-27B-FP8,baseline,none,True,word_suppression,100,17.693121693121686,10.769230769230766,25.46325230414745,32.0,0.0
Qwen3.8-27B-FP8,baseline,prefill_compliant,False,lowercase_thinking,100,80.33086859796961,72.27491717144423,87.96692528735632,88.0,3.0
Qwen3.8-27B-FP8,baseline,prefill_compliant,False,uppercase_thinking,100,46.50034011677338,36.59818048369877,56.62791454429694,64.0,5.0
Qwen3.8-27B-FP8,baseline,prefill_compliant,False,meow_between_words,100,28.28824669536204,19.13251190956545,38.38857955608039,59.0,14.000000000000002
Qwen3.8-27B-FP8,baseline,prefill_compliant,False,end_of_sentence,100,10.265570555634252,0.0,19.823942177515907,44.0,5.0
Qwen3.8-27B-FP8,baseline,prefill_compliant,False,word_suppression,100,17.739130434782595,9.850767297127451,25.865716073663496,36.0,9.0
Qwen3.8-27B-FP8,baseline,prefill_compliant,True,lowercase_thinking,100,57.65525197932343,47.40820620373381,67.15009344499643,71.0,0.0
Qwen3.8-27B-FP8,baseline,prefill_compliant,True,uppercase_thinking,100,23.506357520310996,13.74229580077321,32.669144367606926,49.0,0.0
Qwen3.8-27B-FP8,baseline,prefill_compliant,True,meow_between_words,100,9.32926829268292,3.596237096237096,15.052631578947365,43.0,0.0
Qwen3.8-27B-FP8,baseline,prefill_compliant,True,end_of_sentence,100,5.372448979591835,0.0,11.224346665832725,26.0,0.0
Qwen3.8-27B-FP8,baseline,prefill_compliant,True,word_suppression,100,18.90537084398975,11.441964285714283,26.927663841625133,39.0,0.0
Qwen3.8-27B-FP8,baseline,prefill_noncompliant,True,lowercase_thinking,100,0.0,0.0,0.0,0.0,0.0
Qwen3.8-27B-FP8,baseline,prefill_noncompliant,True,uppercase_thinking,100,0.0,0.0,0.0,0.0,0.0
Qwen3.8-27B-FP8,baseline,prefill_noncompliant,True,meow_between_words,100,0.0,0.0,0.0,0.0,0.0
Qwen3.8-27B-FP8,baseline,prefill_noncompliant,True,end_of_sentence,100,0.0,0.0,0.0,1.0,0.0
Qwen3.8-27B-FP8,baseline,thinking_off,False,lowercase_thinking,100,29.426935901534517,16.023291850523993,41.96175057208236,39.0,31.0
Qwen3.8-27B-FP8,baseline,thinking_off,False,uppercase_thinking,100,6.028589709051723,0.0,17.6263961038961,26.0,47.0
Qwen3.8-27B-FP8,baseline,thinking_off,False,meow_between_words,100,52.544412306506985,40.80104494430557,63.81138543747409,61.0,11.0
Qwen3.8-27B-FP8,baseline,thinking_off,False,end_of_sentence,100,2.6666666666666665,0.0,6.0000000000000036,1.0,40.0
Qwen3.8-27B-FP8,baseline,thinking_off,False,word_suppression,100,14.600823394815649,5.841532829076535,23.811120051877538,34.0,28.999999999999996
Qwen3.8-27B-FP8,no_rule,prefill_compliant,False,lowercase_thinking,100,35.88641975308639,26.809247741154884,44.93131536852466,45.0,3.0
Qwen3.8-27B-FP8,no_rule,prefill_compliant,False,uppercase_thinking,100,35.041608027194805,25.66603225806449,44.43059785353482,51.0,3.0
Qwen3.8-27B-FP8,no_rule,prefill_compliant,False,meow_between_words,100,3.9999999999999996,0.9999999999999999,8.000000000000002,11.0,9.0
Qwen3.8-27B-FP8,no_rule,prefill_compliant,False,end_of_sentence,100,0.0,0.0,0.0,0.0,10.0
Qwen3.8-27B-FP8,no_rule,prefill_compliant,False,word_suppression,100,4.999999999999998,1.0000000000000004,9.000000000000004,15.0,8.0
Qwen3.8-27B-FP8,no_rule,prefill_compliant,True,lowercase_thinking,100,0.0,0.0,0.0,0.0,0.0
Qwen3.8-27B-FP8,no_rule,prefill_compliant,True,uppercase_thinking,100,23.87398897058823,15.614781510759762,32.704016806722656,38.0,0.0
Qwen3.8-27B-FP8,no_rule,prefill_compliant,True,meow_between_words,100,5.6875,1.166666666666667,11.00106837606837,21.0,0.0
Qwen3.8-27B-FP8,no_rule,prefill_compliant,True,end_of_sentence,100,0.0,0.0,0.0,0.0,0.0
Qwen3.8-27B-FP8,no_rule,prefill_compliant,True,word_suppression,100,4.999999999999999,1.0,9.000000000000002,17.0,0.0
Qwen3.8-27B-FP8,stacked,none,True,lowercase_thinking,100,36.239916841732246,24.81877466614532,47.56052898439898,61.0,0.0
Qwen3.8-27B-FP8,stacked,none,True,uppercase_thinking,100,14.038170823885107,5.866616541353383,21.807717391304347,22.0,0.0
Qwen3.8-27B-FP8,stacked,none,True,meow_between_words,100,0.0,0.0,0.0,0.0,0.0
Qwen3.8-27B-FP8,stacked,none,True,end_of_sentence,100,0.0,0.0,0.0,0.0,0.0
Qwen3.8-27B-FP8,stacked,none,True,word_suppression,100,25.320574162679417,17.109469696969693,33.972973438042985,37.0,0.0
Qwen3.8-27B-FP8,stacked,prefill_compliant,True,lowercase_thinking,100,62.14726625642458,50.95357317020719,72.41757148629864,82.0,0.0
Qwen3.8-27B-FP8,stacked,prefill_compliant,True,uppercase_thinking,100,21.507902621611393,13.150212652844228,30.38400302926354,53.0,0.0
Qwen3.8-27B-FP8,stacked,prefill_compliant,True,meow_between_words,100,34.11453226426911,24.43791603981336,43.9198959549563,76.0,0.0
Qwen3.8-27B-FP8,stacked,prefill_compliant,True,end_of_sentence,100,22.03131552119852,12.491245176404785,31.797856917451846,59.0,0.0
Qwen3.8-27B-FP8,stacked,prefill_compliant,True,word_suppression,100,18.94361891472279,11.297361867114681,27.16762898895843,39.0,0.0
Qwen3.8-27B-FP8,stacked,prefill_noncompliant,True,lowercase_thinking,100,4.795204795204796,0.0,13.0,14.000000000000002,0.0
Qwen3.8-27B-FP8,stacked,prefill_noncompliant,True,uppercase_thinking,100,1.0000000000000002,0.0,3.0000000000000004,1.0,0.0
Qwen3.8-27B-FP8,stacked,prefill_noncompliant,True,meow_between_words,100,0.0,0.0,0.0,0.0,0.0
Qwen3.8-27B-FP8,stacked,prefill_noncompliant,True,end_of_sentence,100,0.0,0.0,0.0,2.0,0.0
Qwen3.8-27B-FP8,stacked,thinking_off,False,lowercase_thinking,100,50.09384225513994,37.76475679940125,61.26057458694412,64.0,7.000000000000001
Qwen3.8-27B-FP8,stacked,thinking_off,False,uppercase_thinking,100,28.204822404364133,16.771167580513715,39.6831420776676,59.0,12.0
Qwen3.8-27B-FP8,stacked,thinking_off,False,meow_between_words,100,38.68918186205196,25.031194233512267,51.70156837802826,69.0,10.0
Qwen3.8-27B-FP8,stacked,thinking_off,False,end_of_sentence,100,23.37970791854164,0.0,45.628451243111805,47.0,11.0
Qwen3.8-27B-FP8,stacked,thinking_off,False,word_suppression,100,27.691632663321496,17.903241030478718,38.27484112999239,60.0,9.0
Qwen3.8-27B-FP8,upgraded,none,True,lowercase_thinking,100,61.67385250577511,50.7776567602553,71.67713281865119,81.0,0.0
Qwen3.8-27B-FP8,upgraded,none,True,uppercase_thinking,100,43.845794173047956,32.70627792804525,54.409920605958796,77.0,0.0
Qwen3.8-27B-FP8,upgraded,none,True,meow_between_words,100,35.44014022015487,25.211981300954793,45.84610301536306,66.0,0.0
Qwen3.8-27B-FP8,upgraded,none,True,end_of_sentence,100,7.252995047455338,0.0,15.444414664808997,51.0,0.0
Qwen3.8-27B-FP8,upgraded,none,True,word_suppression,100,26.753401878485604,17.18374353569749,36.897189783836,47.0,0.0
Qwen3.8-27B-FP8,upgraded,prefill_compliant,False,lowercase_thinking,100,84.53833954039057,76.00879876913814,92.45972332559528,94.0,0.0
Qwen3.8-27B-FP8,upgraded,prefill_compliant,False,uppercase_thinking,100,73.23980586548451,62.54120766710408,82.48088807881912,89.0,3.0
Qwen3.8-27B-FP8,upgraded,prefill_compliant,False,meow_between_words,100,63.73932844609131,53.89508797280853,72.97323861375936,84.0,0.0
Qwen3.8-27B-FP8,upgraded,prefill_compliant,False,end_of_sentence,100,22.096457106595285,11.545747032085703,33.85623964063203,75.0,4.0
Qwen3.8-27B-FP8,upgraded,prefill_compliant,False,word_suppression,100,31.658554642485427,22.393581591308813,41.59792422384937,49.0,6.0
Qwen3.8-27B-FP8,upgraded,prefill_compliant,True,lowercase_thinking,100,67.90290657137218,56.44648012123255,78.59753450786708,87.0,0.0
Qwen3.8-27B-FP8,upgraded,prefill_compliant,True,uppercase_thinking,100,55.3296459383403,45.02658934353307,65.10553561032697,81.0,0.0
Qwen3.8-27B-FP8,upgraded,prefill_compliant,True,meow_between_words,100,56.296616096962126,45.769387262138,66.34931565965773,85.0,0.0
Qwen3.8-27B-FP8,upgraded,prefill_compliant,True,end_of_sentence,100,22.801719521353466,13.794202939101055,32.18060870012332,62.0,0.0
Qwen3.8-27B-FP8,upgraded,prefill_compliant,True,word_suppression,100,29.458116860371852,19.601426800889556,39.60328502920493,54.0,0.0
Qwen3.8-27B-FP8,upgraded,prefill_noncompliant,False,lowercase_thinking,100,6.399999999999999,1.6666666666666667,11.999999999999996,9.0,12.0
Qwen3.8-27B-FP8,upgraded,prefill_noncompliant,False,uppercase_thinking,100,8.999999999999998,4.0,15.0,12.0,2.0
Qwen3.8-27B-FP8,upgraded,prefill_noncompliant,False,meow_between_words,100,0.9999999999999999,0.0,3.0000000000000004,2.0,1.0
Qwen3.8-27B-FP8,upgraded,prefill_noncompliant,False,end_of_sentence,100,0.0,0.0,3.9999999999999987,8.0,7.000000000000001
Qwen3.8-27B-FP8,upgraded,prefill_noncompliant,True,lowercase_thinking,100,9.523809523809526,4.0,16.002813299232717,14.000000000000002,0.0
Qwen3.8-27B-FP8,upgraded,prefill_noncompliant,True,uppercase_thinking,100,2.0,0.0,5.0,3.0,0.0
Qwen3.8-27B-FP8,upgraded,prefill_noncompliant,True,meow_between_words,100,4.999999999999999,1.0,9.999999999999998,9.0,0.0
Qwen3.8-27B-FP8,upgraded,prefill_noncompliant,True,end_of_sentence,100,1.4814814814814818,0.0,4.890416666666656,8.0,0.0
Qwen3.8-27B-FP8,upgraded,thinking_off,False,lowercase_thinking,100,80.15122164788086,69.25825001976304,88.91196944066772,92.0,1.0
Qwen3.8-27B-FP8,upgraded,thinking_off,False,uppercase_thinking,100,52.72536060660896,42.046250557840395,63.70618350547321,66.0,28.000000000000004
Qwen3.8-27B-FP8,upgraded,thinking_off,False,meow_between_words,100,60.428437982036186,49.55358040012881,71.00376244282408,88.0,0.0
Qwen3.8-27B-FP8,upgraded,thinking_off,False,end_of_sentence,100,34.395787493213305,16.973774283490346,52.120166348240915,78.0,2.0
Qwen3.8-27B-FP8,upgraded,thinking_off,False,word_suppression,100,38.035404204789984,26.40488952037339,49.796743044018434,69.0,3.0
Gemma-4-31B-FP8,baseline,none,True,lowercase_thinking,100,0.0,0.0,0.0,0.0,0.0
Gemma-4-31B-FP8,baseline,none,True,uppercase_thinking,100,0.0,0.0,0.0,0.0,0.0
Gemma-4-31B-FP8,baseline,none,True,meow_between_words,100,0.0,0.0,0.0,0.0,0.0
Gemma-4-31B-FP8,baseline,none,True,end_of_sentence,100,0.0,0.0,0.0,5.0,0.0
Gemma-4-31B-FP8,baseline,none,True,word_suppression,100,45.95640565028316,36.20589080459769,55.756140765233795,80.0,0.0
Gemma-4-31B-FP8,baseline,prefill_compliant,False,lowercase_thinking,100,63.42555776435501,44.897067835071915,78.88354017687949,80.0,1.0
Gemma-4-31B-FP8,baseline,prefill_compliant,False,uppercase_thinking,100,0.0,0.0,20.054585802793074,53.0,0.0
Gemma-4-31B-FP8,baseline,prefill_compliant,False,meow_between_words,100,8.727022866948108,0.0,19.395700805087284,38.0,0.0
Gemma-4-31B-FP8,baseline,prefill_compliant,False,end_of_sentence,100,27.48554729371722,6.878761434218992,49.7773786257673,69.0,0.0
Gemma-4-31B-FP8,baseline,prefill_compliant,False,word_suppression,100,85.23785996612084,72.85775573487608,94.73683426302783,85.0,0.0
Gemma-4-31B-FP8,baseline,prefill_compliant,True,lowercase_thinking,100,25.516627710178142,16.86957685431606,34.35765914652923,45.0,0.0
Gemma-4-31B-FP8,baseline,prefill_compliant,True,uppercase_thinking,100,7.802036199095016,0.0,14.560178240740731,34.0,0.0
Gemma-4-31B-FP8,baseline,prefill_compliant,True,meow_between_words,100,1.4062499999999998,0.0,4.6784415584415395,26.0,0.0
Gemma-4-31B-FP8,baseline,prefill_compliant,True,end_of_sentence,100,14.786628141143495,7.611825853002319,22.28264240036011,67.0,0.0
Gemma-4-31B-FP8,baseline,prefill_compliant,True,word_suppression,100,56.95147976192024,47.14630570069615,66.37061870837718,85.0,0.0
Gemma-4-31B-FP8,baseline,prefill_noncompliant,True,lowercase_thinking,100,0.0,0.0,0.0,0.0,0.0
Gemma-4-31B-FP8,baseline,prefill_noncompliant,True,uppercase_thinking,100,0.0,0.0,0.0,0.0,0.0
Gemma-4-31B-FP8,baseline,prefill_noncompliant,True,meow_between_words,100,0.0,0.0,0.0,0.0,0.0
Gemma-4-31B-FP8,baseline,prefill_noncompliant,True,end_of_sentence,100,2.5,0.0,6.000000000000001,6.0,0.0
Gemma-4-31B-FP8,baseline,thinking_off,False,lowercase_thinking,100,48.70675910702181,0.0,80.70604179402947,57.99999999999999,0.0
Gemma-4-31B-FP8,baseline,thinking_off,False,uppercase_thinking,100,20.425987472376278,0.0,38.288825702380855,38.0,0.0
Gemma-4-31B-FP8,baseline,thinking_off,False,meow_between_words,100,6.803088056790864,0.0,21.49263345473346,31.0,0.0
Gemma-4-31B-FP8,baseline,thinking_off,False,end_of_sentence,100,62.19613687824227,39.601837565157375,80.4310975015254,59.0,0.0
Gemma-4-31B-FP8,baseline,thinking_off,False,word_suppression,100,87.00322004271803,76.73920219044709,95.3365486422177,63.0,0.0
Gemma-4-31B-FP8,no_rule,prefill_compliant,False,lowercase_thinking,100,0.0,0.0,0.0,0.0,0.0
Gemma-4-31B-FP8,no_rule,prefill_compliant,False,uppercase_thinking,100,0.0,0.0,0.0,0.0,0.0
Gemma-4-31B-FP8,no_rule,prefill_compliant,False,meow_between_words,100,0.0,0.0,0.0,0.0,0.0
Gemma-4-31B-FP8,no_rule,prefill_compliant,False,end_of_sentence,100,0.0,0.0,0.0,0.0,0.0
Gemma-4-31B-FP8,no_rule,prefill_compliant,False,word_suppression,100,2.7551020408163263,0.0,6.999999999999999,24.0,0.0
Gemma-4-31B-FP8,no_rule,prefill_compliant,True,lowercase_thinking,100,0.0,0.0,0.0,1.0,0.0
Gemma-4-31B-FP8,no_rule,prefill_compliant,True,uppercase_thinking,100,0.0,0.0,0.0,0.0,0.0
Gemma-4-31B-FP8,no_rule,prefill_compliant,True,meow_between_words,100,0.0,0.0,0.0,0.0,0.0
Gemma-4-31B-FP8,no_rule,prefill_compliant,True,end_of_sentence,100,1.0,0.0,3.000000000000001,3.0,0.0
Gemma-4-31B-FP8,no_rule,prefill_compliant,True,word_suppression,100,9.99999999999999,4.9999999999999964,15.999999999999998,20.0,0.0
Gemma-4-31B-FP8,stacked,none,True,lowercase_thinking,100,1.5000000000000002,0.0,4.5,1.0,51.0
Gemma-4-31B-FP8,stacked,none,True,uppercase_thinking,100,0.0,0.0,4.0,3.0,90.0
Gemma-4-31B-FP8,stacked,none,True,meow_between_words,100,6.084254523455972,1.2609247099649579,12.298162998104807,55.00000000000001,4.0
Gemma-4-31B-FP8,stacked,none,True,end_of_sentence,100,30.332606513616543,19.499061420321844,41.456983724570875,60.0,0.0
Gemma-4-31B-FP8,stacked,none,True,word_suppression,100,73.04693580086968,63.58392934029721,81.95837662048186,86.0,0.0
Gemma-4-31B-FP8,stacked,prefill_compliant,True,lowercase_thinking,100,80.27321359305469,71.6591739178407,87.9447379996913,90.0,0.0
Gemma-4-31B-FP8,stacked,prefill_compliant,True,uppercase_thinking,100,20.509809396325878,11.13853864556247,30.215684505785624,53.0,0.0
Gemma-4-31B-FP8,stacked,prefill_compliant,True,meow_between_words,100,7.806860660483311,1.8102690058479531,14.458610448696675,54.0,0.0
Gemma-4-31B-FP8,stacked,prefill_compliant,True,end_of_sentence,100,32.55272426327834,21.36352512286211,43.273864612714384,89.0,0.0
Gemma-4-31B-FP8,stacked,prefill_compliant,True,word_suppression,100,78.6856532701643,70.39417332727442,86.81145450225505,87.0,0.0
Gemma-4-31B-FP8,stacked,prefill_noncompliant,True,lowercase_thinking,100,2.9999999999999996,0.0,6.999999999999999,3.0,0.0
Gemma-4-31B-FP8,stacked,prefill_noncompliant,True,uppercase_thinking,100,0.0,0.0,0.0,0.0,0.0
Gemma-4-31B-FP8,stacked,prefill_noncompliant,True,meow_between_words,100,0.0,0.0,0.0,0.0,0.0
Gemma-4-31B-FP8,stacked,prefill_noncompliant,True,end_of_sentence,100,11.84333333333333,5.155022321428571,18.98416122448979,22.0,0.0
Gemma-4-31B-FP8,stacked,thinking_off,False,lowercase_thinking,100,86.48018648018649,69.71098602484473,98.30508474576271,62.0,0.0
Gemma-4-31B-FP8,stacked,thinking_off,False,uppercase_thinking,100,8.63550577066801,0.0,29.428187208430266,54.0,0.0
Gemma-4-31B-FP8,stacked,thinking_off,False,meow_between_words,100,33.23676175579653,14.468494365625197,51.39012465792167,68.0,0.0
Gemma-4-31B-FP8,stacked,thinking_off,False,end_of_sentence,100,68.67972222222221,45.07505367450012,89.72321571772252,56.00000000000001,0.0
Gemma-4-31B-FP8,stacked,thinking_off,False,word_suppression,100,85.12045826513912,69.86613474913766,95.41991829455435,62.0,0.0
Gemma-4-31B-FP8,upgraded,none,True,lowercase_thinking,100,81.18001722652883,73.35079656306715,88.3139995514354,87.0,0.0
Gemma-4-31B-FP8,upgraded,none,True,uppercase_thinking,100,31.271269757745195,20.370759891899716,40.92047024841426,65.0,0.0
Gemma-4-31B-FP8,upgraded,none,True,meow_between_words,100,51.74513306617631,40.59713523586587,62.27145328810473,87.0,0.0
Gemma-4-31B-FP8,upgraded,none,True,end_of_sentence,100,50.041585809632025,38.45904328983861,61.312208771567335,80.0,0.0
Gemma-4-31B-FP8,upgraded,none,True,word_suppression,100,60.222951178795256,49.401778502969904,70.51121158917995,87.0,0.0
Gemma-4-31B-FP8,upgraded,prefill_compliant,False,lowercase_thinking,100,94.05,81.52941176470587,100.0,90.0,0.0
Gemma-4-31B-FP8,upgraded,prefill_compliant,False,uppercase_thinking,100,46.599016754734215,31.650305690685105,62.22540416721385,94.0,0.0
Gemma-4-31B-FP8,upgraded,prefill_compliant,False,meow_between_words,100,55.09994190738159,42.270589647962815,67.79678252105764,90.0,0.0
Gemma-4-31B-FP8,upgraded,prefill_compliant,False,end_of_sentence,100,96.7223113964687,92.74493321718931,100.0,83.0,0.0
Gemma-4-31B-FP8,upgraded,prefill_compliant,False,word_suppression,100,95.11488868274583,89.56486268825876,99.0,69.0,0.0
Gemma-4-31B-FP8,upgraded,prefill_compliant,True,lowercase_thinking,100,91.0692363771206,83.9190112945204,96.84740945188763,96.0,0.0
Gemma-4-31B-FP8,upgraded,prefill_compliant,True,uppercase_thinking,100,38.69920679555881,28.18480568784974,49.019805323754426,88.0,0.0
Gemma-4-31B-FP8,upgraded,prefill_compliant,True,meow_between_words,100,59.34781850574915,49.97501735878848,68.66749757588877,91.0,0.0
Gemma-4-31B-FP8,upgraded,prefill_compliant,True,end_of_sentence,100,78.36139233724676,68.49384934940385,87.47356283737571,95.0,0.0
Gemma-4-31B-FP8,upgraded,prefill_compliant,True,word_suppression,100,79.80285417568017,70.90938849558754,88.33341759205592,94.0,0.0
Gemma-4-31B-FP8,upgraded,prefill_noncompliant,False,lowercase_thinking,100,26.0,18.000000000000004,35.0,21.0,0.0
Gemma-4-31B-FP8,upgraded,prefill_noncompliant,False,uppercase_thinking,100,0.0,0.0,0.0,0.0,0.0
Gemma-4-31B-FP8,upgraded,prefill_noncompliant,False,meow_between_words,100,0.0,0.0,0.0,0.0,0.0
Gemma-4-31B-FP8,upgraded,prefill_noncompliant,False,end_of_sentence,100,80.40166204986149,68.15698638710687,89.99999999999999,73.0,0.0
Gemma-4-31B-FP8,upgraded,prefill_noncompliant,True,lowercase_thinking,100,28.933333333333337,19.814999999999998,38.54997241786074,34.0,0.0
Gemma-4-31B-FP8,upgraded,prefill_noncompliant,True,uppercase_thinking,100,2.000000000000001,0.0,5.000000000000001,8.0,0.0
Gemma-4-31B-FP8,upgraded,prefill_noncompliant,True,meow_between_words,100,2.5000000000000004,0.0,6.000000000000001,8.0,0.0
Gemma-4-31B-FP8,upgraded,prefill_noncompliant,True,end_of_sentence,100,39.82263270577754,28.378691605822198,51.77754523906447,61.0,0.0
Gemma-4-31B-FP8,upgraded,thinking_off,False,lowercase_thinking,100,96.49285714285715,92.02193164220603,100.0,76.0,0.0
Gemma-4-31B-FP8,upgraded,thinking_off,False,uppercase_thinking,100,45.64880201504645,28.523209274428922,62.01623502521275,86.0,0.0
Gemma-4-31B-FP8,upgraded,thinking_off,False,meow_between_words,100,61.119125698561646,45.66267509105202,74.49315881185842,89.0,0.0
Gemma-4-31B-FP8,upgraded,thinking_off,False,end_of_sentence,100,99.0,97.0,100.0,70.0,0.0
Gemma-4-31B-FP8,upgraded,thinking_off,False,word_suppression,100,96.92307692307692,92.90665526675787,100.0,52.0,0.0
Qwen3-32B,baseline,none,True,lowercase_thinking,100,5.866666666666666,0.0,12.000000000000002,10.0,0.0
Qwen3-32B,baseline,none,True,uppercase_thinking,100,0.0,0.0,0.0,0.0,0.0
Qwen3-32B,baseline,none,True,meow_between_words,100,2.9999999999999996,0.0,6.999999999999999,4.0,0.0
Qwen3-32B,baseline,none,True,end_of_sentence,100,0.0,0.0,0.0,0.0,0.0
Qwen3-32B,baseline,none,True,word_suppression,100,14.726998171010496,8.091419418644646,22.184520295657975,36.0,0.0
Qwen3-32B,baseline,prefill_compliant,True,lowercase_thinking,100,22.256303508477405,13.65898741418764,31.8375578198545,41.0,0.0
Qwen3-32B,baseline,prefill_compliant,True,uppercase_thinking,100,33.901734767494,24.531697375937842,43.71289742998085,53.0,0.0
Qwen3-32B,baseline,prefill_compliant,True,meow_between_words,100,67.57977369181867,57.97390481604422,77.52761360796407,99.0,0.0
Qwen3-32B,baseline,prefill_compliant,True,end_of_sentence,100,1.0,0.0,3.0000000000000004,3.0,0.0
Qwen3-32B,baseline,prefill_compliant,True,word_suppression,100,14.989973262032075,8.211194444444443,22.43081822219898,38.0,0.0
Qwen3-32B,baseline,prefill_noncompliant,True,lowercase_thinking,100,0.0,0.0,0.0,0.0,0.0
Qwen3-32B,baseline,prefill_noncompliant,True,uppercase_thinking,100,0.0,0.0,0.0,0.0,0.0
Qwen3-32B,baseline,prefill_noncompliant,True,meow_between_words,100,0.0,0.0,0.0,0.0,0.0
Qwen3-32B,baseline,prefill_noncompliant,True,end_of_sentence,100,0.0,0.0,0.0,0.0,0.0
Qwen3-32B,baseline,thinking_off,False,lowercase_thinking,100,79.94573864059713,69.76376045159614,89.02875100481923,42.0,4.0
Qwen3-32B,baseline,thinking_off,False,uppercase_thinking,100,25.78698987691191,15.236423657019746,36.84401604999839,26.0,36.0
Qwen3-32B,baseline,thinking_off,False,meow_between_words,100,66.53767575438509,52.35711672374047,78.81834562972966,87.0,0.0
Qwen3-32B,baseline,thinking_off,False,end_of_sentence,100,1.0000000000000004,0.0,3.0000000000000004,0.0,0.0
Qwen3-32B,baseline,thinking_off,False,word_suppression,100,42.28906788254265,0.0,66.33492872781866,35.0,3.0
Qwen3-32B,no_rule,prefill_compliant,True,lowercase_thinking,100,0.0,0.0,0.0,0.0,0.0
Qwen3-32B,no_rule,prefill_compliant,True,uppercase_thinking,100,10.381461675579324,4.500000000000001,16.913816964285697,20.0,0.0
Qwen3-32B,no_rule,prefill_compliant,True,meow_between_words,100,10.999999999999996,5.999999999999998,17.000000000000007,15.0,0.0
Qwen3-32B,no_rule,prefill_compliant,True,end_of_sentence,100,0.0,0.0,0.0,0.0,0.0
Qwen3-32B,no_rule,prefill_compliant,True,word_suppression,100,3.9999999999999996,0.9999999999999997,7.999999999999999,15.0,0.0
Qwen3-32B,stacked,none,True,lowercase_thinking,100,20.626666666666654,12.342600446428568,28.786359543817518,28.999999999999996,0.0
Qwen3-32B,stacked,none,True,uppercase_thinking,100,0.9999999999999996,0.0,3.0,1.0,0.0
Qwen3-32B,stacked,none,True,meow_between_words,100,1.0000000000000009,0.0,3.0000000000000027,2.0,0.0
Qwen3-32B,stacked,none,True,end_of_sentence,100,0.0,0.0,0.0,0.0,0.0
Qwen3-32B,stacked,none,True,word_suppression,100,17.14267669753085,9.731646980773148,25.043998447204967,37.0,0.0
Qwen3-32B,stacked,prefill_compliant,True,lowercase_thinking,100,38.17203896344229,28.300511406096835,48.527840903360016,52.0,0.0
Qwen3-32B,stacked,prefill_compliant,True,uppercase_thinking,100,29.692153549113936,20.842864614866116,38.98087294439368,50.0,0.0
Qwen3-32B,stacked,prefill_compliant,True,meow_between_words,100,63.40315801951548,53.50899643299264,73.06135552362633,94.0,0.0
Qwen3-32B,stacked,prefill_compliant,True,end_of_sentence,100,16.288120276845486,5.941096845168953,27.408560750530818,48.0,0.0
Qwen3-32B,stacked,prefill_compliant,True,word_suppression,100,14.797106008178664,7.699846938775508,22.455197336241405,43.0,0.0
Qwen3-32B,stacked,prefill_noncompliant,True,lowercase_thinking,100,0.0,0.0,0.0,0.0,0.0
Qwen3-32B,stacked,prefill_noncompliant,True,uppercase_thinking,100,0.0,0.0,0.0,0.0,0.0
Qwen3-32B,stacked,prefill_noncompliant,True,meow_between_words,100,0.0,0.0,0.0,0.0,0.0
Qwen3-32B,stacked,prefill_noncompliant,True,end_of_sentence,100,0.0,0.0,0.0,0.0,0.0
Qwen3-32B,stacked,thinking_off,False,lowercase_thinking,100,88.67233040806937,81.1288960577914,94.84463776183406,56.99999999999999,3.0
Qwen3-32B,stacked,thinking_off,False,uppercase_thinking,100,54.82149274027248,34.49213769450152,70.08882339729465,53.0,5.0
Qwen3-32B,stacked,thinking_off,False,meow_between_words,100,70.38231080823756,58.129108852319476,80.11647820551183,86.0,0.0
Qwen3-32B,stacked,thinking_off,False,end_of_sentence,100,78.84676748057714,61.68531263410246,91.31470159135094,56.00000000000001,2.0
Qwen3-32B,stacked,thinking_off,False,word_suppression,100,74.91283446589203,57.05169157852471,87.92584047703441,55.00000000000001,1.0
Qwen3-32B,upgraded,none,True,lowercase_thinking,100,59.18902021876775,47.84033960777992,69.57864135791459,75.0,0.0
Qwen3-32B,upgraded,none,True,uppercase_thinking,100,0.0,0.0,0.0,0.0,0.0
Qwen3-32B,upgraded,none,True,meow_between_words,100,80.40958245364503,72.24878200338134,87.80013684971317,97.0,0.0
Qwen3-32B,upgraded,none,True,end_of_sentence,100,43.10269477054601,31.57763440114327,53.54200603668404,84.0,0.0
Qwen3-32B,upgraded,none,True,word_suppression,100,21.957177650601654,13.427581723423785,30.88683567337947,46.0,0.0
Qwen3-32B,upgraded,prefill_compliant,True,lowercase_thinking,100,73.70080714198359,63.99999999999999,82.77128801431124,78.0,0.0
Qwen3-32B,upgraded,prefill_compliant,True,uppercase_thinking,100,44.394179807375615,34.22599717025628,54.206597827892,63.0,0.0
Qwen3-32B,upgraded,prefill_compliant,True,meow_between_words,100,81.61384116304217,73.53817559087751,88.81685058307698,99.0,0.0
Qwen3-32B,upgraded,prefill_compliant,True,end_of_sentence,100,32.65147894291405,20.89577193932797,44.655664034916995,83.0,0.0
Qwen3-32B,upgraded,prefill_compliant,True,word_suppression,100,16.20559636196829,8.198534685897933,24.6916197723868,42.0,0.0
Qwen3-32B,upgraded,prefill_noncompliant,True,lowercase_thinking,100,0.0,0.0,0.0,0.0,0.0
Qwen3-32B,upgraded,prefill_noncompliant,True,uppercase_thinking,100,0.0,0.0,0.0,0.0,0.0
Qwen3-32B,upgraded,prefill_noncompliant,True,meow_between_words,100,0.0,0.0,0.0,0.0,0.0
Qwen3-32B,upgraded,prefill_noncompliant,True,end_of_sentence,100,4.965277777777777,0.0,10.457770739064848,16.0,0.0
Qwen3-32B,upgraded,thinking_off,False,lowercase_thinking,100,95.16379029632041,88.0915750915751,100.0,81.0,0.0
Qwen3-32B,upgraded,thinking_off,False,uppercase_thinking,100,58.15988646542267,31.237451033818758,78.7131087182948,79.0,1.0
Qwen3-32B,upgraded,thinking_off,False,meow_between_words,100,77.20713030097694,66.95580101034018,86.36337785878187,94.0,6.0
Qwen3-32B,upgraded,thinking_off,False,end_of_sentence,100,86.75145439107061,74.06526232275297,95.87251285462128,88.0,1.0
Qwen3-32B,upgraded,thinking_off,False,word_suppression,100,72.68660910541495,49.29116451649203,88.58795754061055,57.99999999999999,0.0
Qwen3.6-27B-FP8,baseline,none,True,lowercase_thinking,100,0.0,0.0,0.0,0.0,0.0
Qwen3.6-27B-FP8,baseline,none,True,uppercase_thinking,100,6.0,2.0000000000000004,10.0,8.0,0.0
Qwen3.6-27B-FP8,baseline,none,True,meow_between_words,100,0.0,0.0,0.0,0.0,0.0
Qwen3.6-27B-FP8,baseline,none,True,end_of_sentence,100,0.0,0.0,0.0,0.0,0.0
Qwen3.6-27B-FP8,baseline,none,True,word_suppression,100,9.999999999999995,4.9999999999999964,15.999999999999998,30.0,0.0
Qwen3.6-27B-FP8,baseline,prefill_compliant,True,lowercase_thinking,100,45.75219010306494,35.72146557348708,55.2743646655411,64.0,0.0
Qwen3.6-27B-FP8,baseline,prefill_compliant,True,uppercase_thinking,100,27.9056349206349,18.680588144963135,36.69443209505086,49.0,0.0
Qwen3.6-27B-FP8,baseline,prefill_compliant,True,meow_between_words,100,55.791451894927256,45.26719411421095,65.4341792140537,81.0,0.0
Qwen3.6-27B-FP8,baseline,prefill_compliant,True,end_of_sentence,100,20.056619436722986,11.391295638477303,29.703265701148684,80.0,0.0
Qwen3.6-27B-FP8,baseline,prefill_compliant,True,word_suppression,100,18.22978723404254,10.893900913900909,26.499316526610624,59.0,0.0
Qwen3.6-27B-FP8,baseline,prefill_noncompliant,True,lowercase_thinking,100,20.870054114835902,12.76216261998871,28.97215817260384,33.0,0.0
Qwen3.6-27B-FP8,baseline,prefill_noncompliant,True,uppercase_thinking,100,1.0000000000000004,0.0,3.0000000000000013,1.0,0.0
Qwen3.6-27B-FP8,baseline,prefill_noncompliant,True,meow_between_words,100,1.0,0.0,3.0000000000000013,1.0,0.0
Qwen3.6-27B-FP8,baseline,prefill_noncompliant,True,end_of_sentence,100,0.0,0.0,0.0,0.0,0.0
Qwen3.6-27B-FP8,baseline,thinking_off,False,lowercase_thinking,100,51.14645589505814,38.74843199197719,63.42799766012877,75.0,11.0
Qwen3.6-27B-FP8,baseline,thinking_off,False,uppercase_thinking,100,22.82624697652611,12.987616465828314,33.03430015162948,49.0,11.0
Qwen3.6-27B-FP8,baseline,thinking_off,False,meow_between_words,100,28.762041823308277,18.980847165532882,38.18181818181818,35.0,47.0
Qwen3.6-27B-FP8,baseline,thinking_off,False,end_of_sentence,100,0.0,0.0,5.000000000000002,5.0,28.999999999999996
Qwen3.6-27B-FP8,baseline,thinking_off,False,word_suppression,100,17.8616385705948,9.366773104537474,27.656417269735524,52.0,8.0
Qwen3.6-27B-FP8,no_rule,prefill_compliant,True,lowercase_thinking,100,3.7500000000000004,0.0,7.999999999999999,5.0,0.0
Qwen3.6-27B-FP8,no_rule,prefill_compliant,True,uppercase_thinking,100,13.510489510489501,7.082031250000003,20.498167464114836,25.0,0.0
Qwen3.6-27B-FP8,no_rule,prefill_compliant,True,meow_between_words,100,21.428571428571402,13.480651340996161,29.807613851992404,38.0,0.0
Qwen3.6-27B-FP8,no_rule,prefill_compliant,True,end_of_sentence,100,0.0,0.0,0.0,1.0,0.0
Qwen3.6-27B-FP8,no_rule,prefill_compliant,True,word_suppression,100,5.999999999999997,1.9999999999999998,10.999999999999993,21.0,0.0
Qwen3.6-27B-FP8,stacked,none,True,lowercase_thinking,100,7.820312500000001,2.4,13.757868867243864,14.000000000000002,0.0
Qwen3.6-27B-FP8,stacked,none,True,uppercase_thinking,100,13.723196881091615,6.666666666666667,21.000000000000004,23.0,0.0
Qwen3.6-27B-FP8,stacked,none,True,meow_between_words,100,0.0,0.0,0.0,0.0,0.0
Qwen3.6-27B-FP8,stacked,none,True,end_of_sentence,100,0.0,0.0,0.0,0.0,0.0
Qwen3.6-27B-FP8,stacked,none,True,word_suppression,100,10.999999999999995,5.0,17.000000000000004,25.0,0.0
Qwen3.6-27B-FP8,stacked,prefill_compliant,True,lowercase_thinking,100,64.25452214570062,54.3814307354732,73.74673451462044,83.0,0.0
Qwen3.6-27B-FP8,stacked,prefill_compliant,True,uppercase_thinking,100,37.45425432500259,28.31718259000481,46.85539368155982,63.0,0.0
Qwen3.6-27B-FP8,stacked,prefill_compliant,True,meow_between_words,100,68.17913336076202,58.31547832899958,77.71021301339135,89.0,0.0
Qwen3.6-27B-FP8,stacked,prefill_compliant,True,end_of_sentence,100,46.35587203827237,33.90176664726843,58.11715246281312,85.0,0.0
Qwen3.6-27B-FP8,stacked,prefill_compliant,True,word_suppression,100,35.60959196382497,26.24552697757317,45.33736391885555,62.0,0.0
Qwen3.6-27B-FP8,stacked,prefill_noncompliant,True,lowercase_thinking,100,45.758736611175614,35.28130372458269,56.294505957207896,56.00000000000001,0.0
Qwen3.6-27B-FP8,stacked,prefill_noncompliant,True,uppercase_thinking,100,5.999999999999998,2.0,11.0,9.0,0.0
Qwen3.6-27B-FP8,stacked,prefill_noncompliant,True,meow_between_words,100,0.0,0.0,0.0,0.0,0.0
Qwen3.6-27B-FP8,stacked,prefill_noncompliant,True,end_of_sentence,100,4.500000000000003,0.0,9.33333333333333,5.0,0.0
Qwen3.6-27B-FP8,stacked,thinking_off,False,lowercase_thinking,100,40.73540985785371,28.909921645061935,52.68168621108531,78.0,4.0
Qwen3.6-27B-FP8,stacked,thinking_off,False,uppercase_thinking,100,24.515731693436127,14.764845023346354,34.18123124030335,60.0,4.0
Qwen3.6-27B-FP8,stacked,thinking_off,False,meow_between_words,100,59.986954225661904,48.67466670699286,70.9510916521819,74.0,5.0
Qwen3.6-27B-FP8,stacked,thinking_off,False,end_of_sentence,100,13.153359115895356,0.0,27.10030086422048,48.0,10.0
Qwen3.6-27B-FP8,stacked,thinking_off,False,word_suppression,100,31.786448284490813,21.3881870281209,43.57250165988961,65.0,3.0
Qwen3.6-27B-FP8,upgraded,none,True,lowercase_thinking,100,49.199789554040194,38.97696480734233,58.378380021617694,67.0,0.0
Qwen3.6-27B-FP8,upgraded,none,True,uppercase_thinking,100,46.36916593188168,36.260985062329596,56.484264774859305,71.0,0.0
Qwen3.6-27B-FP8,upgraded,none,True,meow_between_words,100,35.317491168473744,25.91214648428668,45.49653232486918,59.0,0.0
Qwen3.6-27B-FP8,upgraded,none,True,end_of_sentence,100,9.862680499964597,3.9619317437393944,16.127122012308295,33.0,0.0
Qwen3.6-27B-FP8,upgraded,none,True,word_suppression,100,2.999999999999999,0.0,6.9999999999999964,25.0,0.0
Qwen3.6-27B-FP8,upgraded,prefill_compliant,True,lowercase_thinking,100,72.4770321169564,62.739656694880566,80.93138189549649,90.0,0.0
Qwen3.6-27B-FP8,upgraded,prefill_compliant,True,uppercase_thinking,100,70.9722222222222,61.953125,78.99999999999999,87.0,0.0
Qwen3.6-27B-FP8,upgraded,prefill_compliant,True,meow_between_words,100,67.68369361285583,57.9336846213895,76.82481098606448,90.0,0.0
Qwen3.6-27B-FP8,upgraded,prefill_compliant,True,end_of_sentence,100,28.35529208293377,18.11681133930571,38.58138219278782,86.0,0.0
Qwen3.6-27B-FP8,upgraded,prefill_compliant,True,word_suppression,100,21.92854947526235,12.960955063769578,30.99250622040705,62.0,0.0
Qwen3.6-27B-FP8,upgraded,prefill_noncompliant,True,lowercase_thinking,100,2.5000000000000004,0.0,6.1145833333333135,6.0,0.0
Qwen3.6-27B-FP8,upgraded,prefill_noncompliant,True,uppercase_thinking,100,1.5000000000000002,0.0,4.500000000000001,4.0,0.0
Qwen3.6-27B-FP8,upgraded,prefill_noncompliant,True,meow_between_words,100,5.0,1.0,10.0,15.0,0.0
Qwen3.6-27B-FP8,upgraded,prefill_noncompliant,True,end_of_sentence,100,2.000000000000001,0.0,5.0,8.0,0.0
Qwen3.6-27B-FP8,upgraded,thinking_off,False,lowercase_thinking,100,60.16293777033246,49.48304511788806,70.36057207166036,75.0,9.0
Qwen3.6-27B-FP8,upgraded,thinking_off,False,uppercase_thinking,100,41.85059172059779,31.063369836613752,52.80734214790995,63.0,12.0
Qwen3.6-27B-FP8,upgraded,thinking_off,False,meow_between_words,100,29.34934905136144,20.26073235945986,38.55045250375698,49.0,43.0
Qwen3.6-27B-FP8,upgraded,thinking_off,False,end_of_sentence,100,24.271976569323712,11.56216666146546,37.04753160611257,46.0,37.0
Qwen3.6-27B-FP8,upgraded,thinking_off,False,word_suppression,100,29.70468983332274,20.154840746137744,40.12470367561991,52.0,14.000000000000002
Qwen3.5-9B,baseline,none,True,lowercase_thinking,100,0.0,0.0,0.0,0.0,0.0
Qwen3.5-9B,baseline,none,True,uppercase_thinking,100,0.0,0.0,0.0,0.0,0.0
Qwen3.5-9B,baseline,none,True,meow_between_words,100,0.0,0.0,0.0,0.0,0.0
Qwen3.5-9B,baseline,none,True,end_of_sentence,100,0.0,0.0,0.0,0.0,0.0
Qwen3.5-9B,baseline,none,True,word_suppression,100,2.999999999999999,0.0,6.999999999999994,15.0,0.0
Qwen3.5-9B,baseline,prefill_compliant,True,lowercase_thinking,100,1.0,0.0,3.0000000000000004,1.0,0.0
Qwen3.5-9B,baseline,prefill_compliant,True,uppercase_thinking,100,15.36071428571427,8.245394696831477,22.549624060150375,46.0,0.0
Qwen3.5-9B,baseline,prefill_compliant,True,meow_between_words,100,5.4320987654320945,1.2486838624338639,10.666666666666663,62.0,0.0
Qwen3.5-9B,baseline,prefill_compliant,True,end_of_sentence,100,0.0,0.0,2.000000000000002,2.0,0.0
Qwen3.5-9B,baseline,prefill_compliant,True,word_suppression,100,5.999999999999997,1.9999999999999991,10.999999999999996,22.0,0.0
Qwen3.5-9B,baseline,prefill_noncompliant,True,lowercase_thinking,100,0.0,0.0,0.0,0.0,0.0
Qwen3.5-9B,baseline,prefill_noncompliant,True,uppercase_thinking,100,0.0,0.0,0.0,0.0,0.0
Qwen3.5-9B,baseline,prefill_noncompliant,True,meow_between_words,100,0.0,0.0,0.0,0.0,0.0
Qwen3.5-9B,baseline,prefill_noncompliant,True,end_of_sentence,100,0.0,0.0,0.0,0.0,0.0
Qwen3.5-9B,baseline,thinking_off,False,lowercase_thinking,100,0.0,0.0,0.0,7.000000000000001,19.0
Qwen3.5-9B,baseline,thinking_off,False,uppercase_thinking,100,4.255952380952381,0.0,10.203947368421042,16.0,18.0
Qwen3.5-9B,baseline,thinking_off,False,meow_between_words,100,15.542181209344651,0.0,45.489601215486175,23.0,36.0
Qwen3.5-9B,baseline,thinking_off,False,end_of_sentence,100,1.05308775731311,0.0,3.3873454637467804,0.0,28.000000000000004
Qwen3.5-9B,baseline,thinking_off,False,word_suppression,100,9.179607843137253,2.456075155327744,16.191067629397793,24.0,34.0
Qwen3.5-9B,no_rule,prefill_compliant,True,lowercase_thinking,100,0.0,0.0,0.0,0.0,0.0
Qwen3.5-9B,no_rule,prefill_compliant,True,uppercase_thinking,100,11.765656565656558,5.554824561403508,18.84328124999998,31.0,0.0
Qwen3.5-9B,no_rule,prefill_compliant,True,meow_between_words,100,3.131313131313134,0.0,7.189606518282986,16.0,0.0
Qwen3.5-9B,no_rule,prefill_compliant,True,end_of_sentence,100,0.0,0.0,0.0,0.0,0.0
Qwen3.5-9B,no_rule,prefill_compliant,True,word_suppression,100,7.999999999999997,3.0,13.999999999999984,18.0,0.0
Qwen3.5-9B,stacked,none,True,lowercase_thinking,100,0.0,0.0,0.0,0.0,0.0
Qwen3.5-9B,stacked,none,True,uppercase_thinking,100,0.0,0.0,0.0,0.0,0.0
Qwen3.5-9B,stacked,none,True,meow_between_words,100,0.0,0.0,0.0,0.0,0.0
Qwen3.5-9B,stacked,none,True,end_of_sentence,100,0.0,0.0,0.0,0.0,0.0
Qwen3.5-9B,stacked,none,True,word_suppression,100,0.0,0.0,0.0,0.0,0.0
Qwen3.5-9B,stacked,prefill_compliant,True,lowercase_thinking,100,0.0,0.0,0.9999999999999997,4.0,0.0
Qwen3.5-9B,stacked,prefill_compliant,True,uppercase_thinking,100,20.25190722888931,12.857653158714763,28.85692262405381,54.0,0.0
Qwen3.5-9B,stacked,prefill_compliant,True,meow_between_words,100,7.911275148182108,1.9222674387595748,15.031275079000023,71.0,0.0
Qwen3.5-9B,stacked,prefill_compliant,True,end_of_sentence,100,0.0,0.0,3.506951208513703,28.999999999999996,0.0
Qwen3.5-9B,stacked,prefill_compliant,True,word_suppression,100,3.299999999999999,0.0,7.092207792207786,14.000000000000002,0.0
Qwen3.5-9B,stacked,prefill_noncompliant,True,lowercase_thinking,100,0.0,0.0,0.0,0.0,0.0
Qwen3.5-9B,stacked,prefill_noncompliant,True,uppercase_thinking,100,0.0,0.0,0.0,0.0,0.0
Qwen3.5-9B,stacked,prefill_noncompliant,True,meow_between_words,100,0.0,0.0,0.0,0.0,0.0
Qwen3.5-9B,stacked,prefill_noncompliant,True,end_of_sentence,100,0.0,0.0,0.0,0.0,0.0
Qwen3.5-9B,stacked,thinking_off,False,lowercase_thinking,100,28.39477336652224,13.877200494744777,43.213363496824,48.0,16.0
Qwen3.5-9B,stacked,thinking_off,False,uppercase_thinking,100,8.909832643518198,0.0,21.097900241066363,25.0,45.0
Qwen3.5-9B,stacked,thinking_off,False,meow_between_words,100,20.6291642439931,6.9618535163196364,34.188670625219665,44.0,28.000000000000004
Qwen3.5-9B,stacked,thinking_off,False,end_of_sentence,100,21.4141414141414,0.0,42.23382352941175,28.999999999999996,6.0
Qwen3.5-9B,stacked,thinking_off,False,word_suppression,100,9.138855917331828,0.0,18.63392899500782,26.0,28.000000000000004
Qwen3.5-9B,upgraded,none,True,lowercase_thinking,100,4.000000000000001,0.9999999999999997,7.999999999999999,14.000000000000002,0.0
Qwen3.5-9B,upgraded,none,True,uppercase_thinking,100,4.278463901689708,1.032232862903225,8.79402865070334,35.0,0.0
Qwen3.5-9B,upgraded,none,True,meow_between_words,100,3.525424402162173,0.0,7.875645843981773,37.0,0.0
Qwen3.5-9B,upgraded,none,True,end_of_sentence,100,1.0,0.0,3.0000000000000004,6.0,0.0
Qwen3.5-9B,upgraded,none,True,word_suppression,100,0.0,0.0,0.0,2.0,0.0
Qwen3.5-9B,upgraded,prefill_compliant,True,lowercase_thinking,100,20.47190820686425,12.447413797498692,29.952516488288527,53.0,0.0
Qwen3.5-9B,upgraded,prefill_compliant,True,uppercase_thinking,100,15.455363279652682,8.747608150470224,23.298311486962643,48.0,0.0
Qwen3.5-9B,upgraded,prefill_compliant,True,meow_between_words,100,8.878912582616298,3.1963096877869606,15.144851605190624,67.0,0.0
Qwen3.5-9B,upgraded,prefill_compliant,True,end_of_sentence,100,7.722980316386901,1.8498935698185244,14.343821612942358,57.99999999999999,0.0
Qwen3.5-9B,upgraded,prefill_compliant,True,word_suppression,100,4.999999999999999,1.0,9.999999999999995,18.0,0.0
Qwen3.5-9B,upgraded,prefill_noncompliant,True,lowercase_thinking,100,0.0,0.0,0.0,0.0,0.0
Qwen3.5-9B,upgraded,prefill_noncompliant,True,uppercase_thinking,100,0.0,0.0,0.0,0.0,0.0
Qwen3.5-9B,upgraded,prefill_noncompliant,True,meow_between_words,100,0.0,0.0,0.0,0.0,0.0
Qwen3.5-9B,upgraded,prefill_noncompliant,True,end_of_sentence,100,0.0,0.0,0.0,0.0,0.0
Qwen3.5-9B,upgraded,thinking_off,False,lowercase_thinking,100,41.678286087557645,29.261852980763063,54.376137055947126,63.0,25.0
Qwen3.5-9B,upgraded,thinking_off,False,uppercase_thinking,100,21.941124837706006,11.956808630128023,31.085852713513844,48.0,40.0
Qwen3.5-9B,upgraded,thinking_off,False,meow_between_words,100,16.77650762802065,8.615305159155962,25.02373922966893,59.0,26.0
Qwen3.5-9B,upgraded,thinking_off,False,end_of_sentence,100,24.601795192174205,12.323423344302759,37.10398553201906,38.0,47.0
Qwen3.5-9B,upgraded,thinking_off,False,word_suppression,100,12.924083715046331,4.33198856062232,22.19468742318886,41.0,26.0
