model,condition,prompt,mode,n,S_t_star,ci_lo,ci_hi,S_short,P1,first_violation_lt5,first_violation_lt50
Qwen3-32B,none,baseline,lowercase_thinking,100,2.3999999999999995,0.0,7.000000000000001,5.999999999999998,4.0,88.0,93.0
Qwen3-32B,none,baseline,uppercase_thinking,100,0.0,0.0,0.0,0.0,0.0,100.0,100.0
Qwen3-32B,none,baseline,meow_between_words,100,7.999999999999997,3.0,13.000000000000004,10.999999999999998,7.000000000000001,76.0,89.0
Qwen3-32B,none,baseline,end_of_sentence,100,0.0,0.0,0.0,0.0,0.0,0.0,100.0
Qwen3-32B,none,baseline,word_suppression,100,10.777310924369742,4.371988636363641,17.837691326530596,32.99999999999998,8.0,0.0,23.0
Qwen3-32B,none,stacked,lowercase_thinking,100,10.740700782776523,2.6048303841555644,19.77153087462462,31.999999999999996,20.0,46.0,60.0
Qwen3-32B,none,stacked,uppercase_thinking,100,1.5000000000000013,0.0,4.800000000000004,3.0000000000000027,2.0,97.0,97.0
Qwen3-32B,none,stacked,meow_between_words,100,0.0,0.0,0.0,1.0000000000000009,0.0,99.0,99.0
Qwen3-32B,none,stacked,end_of_sentence,100,0.0,0.0,0.0,0.0,0.0,0.0,100.0
Qwen3-32B,none,stacked,word_suppression,100,13.349358974358964,6.705786204642041,20.849242797549987,37.99999999999995,10.0,0.0,19.0
Qwen3-32B,prefill_compliant,baseline,lowercase_thinking,100,27.657029220779194,18.205082382451305,37.70134212190312,45.99999999999998,25.0,20.0,37.0
Qwen3-32B,prefill_compliant,baseline,uppercase_thinking,100,49.188434216674935,39.42971082081807,59.436353325936174,72.99999999999997,43.0,2.0,13.0
Qwen3-32B,prefill_compliant,baseline,meow_between_words,100,66.67786114358778,56.677986372814594,75.52008082429452,93.0,48.0,0.0,0.0
Qwen3-32B,prefill_compliant,baseline,end_of_sentence,100,0.0,0.0,0.0,0.0,0.0,0.0,94.0
Qwen3-32B,prefill_compliant,baseline,word_suppression,100,11.74933862433861,5.468070324283559,19.1422541873449,40.999999999999964,9.0,1.0,26.0
Qwen3-32B,prefill_compliant,stacked,lowercase_thinking,100,35.95555701987534,25.22119423079998,46.80877551763784,59.96721311475407,36.0,1.0,25.0
Qwen3-32B,prefill_compliant,stacked,uppercase_thinking,100,37.07419031385179,27.047261621220397,47.01097223709251,62.999999999999964,36.0,2.0,13.0
Qwen3-32B,prefill_compliant,stacked,meow_between_words,100,64.03516938173338,54.37730126156025,73.7403029403156,95.0,49.0,0.0,1.0
Qwen3-32B,prefill_compliant,stacked,end_of_sentence,100,21.773752105493337,7.075527143340571,36.125317899049726,55.98214285714281,34.0,0.0,15.0
Qwen3-32B,prefill_compliant,stacked,word_suppression,100,15.116742081447951,7.847272727272727,22.945554603420295,39.99999999999996,13.0,1.0,25.0
Qwen3-32B,prefill_noncompliant,baseline,lowercase_thinking,100,0.0,0.0,0.0,0.0,0.0,100.0,100.0
Qwen3-32B,prefill_noncompliant,baseline,uppercase_thinking,100,0.0,0.0,0.0,0.0,0.0,100.0,100.0
Qwen3-32B,prefill_noncompliant,baseline,meow_between_words,100,0.0,0.0,0.0,0.0,0.0,100.0,100.0
Qwen3-32B,prefill_noncompliant,baseline,end_of_sentence,100,0.0,0.0,0.0,0.0,0.0,0.0,97.0
Qwen3-32B,prefill_noncompliant,stacked,lowercase_thinking,100,0.0,0.0,0.0,0.0,0.0,100.0,100.0
Qwen3-32B,prefill_noncompliant,stacked,uppercase_thinking,100,0.0,0.0,0.0,0.0,0.0,100.0,100.0
Qwen3-32B,prefill_noncompliant,stacked,meow_between_words,100,0.0,0.0,0.0,0.0,0.0,100.0,100.0
Qwen3-32B,prefill_noncompliant,stacked,end_of_sentence,100,0.0,0.0,0.0,0.0,0.0,0.0,97.0
Qwen3-32B,prefill_no_rule,no_constraint,lowercase_thinking,100,0.0,0.0,0.0,0.0,0.0,100.0,100.0
Qwen3-32B,prefill_no_rule,no_constraint,uppercase_thinking,100,21.76881941587823,13.330882352941176,30.827103896103885,30.99999999999999,18.0,35.0,48.0
Qwen3-32B,prefill_no_rule,no_constraint,meow_between_words,100,11.0,5.0,17.999999999999996,16.0,4.0,69.0,81.0
Qwen3-32B,prefill_no_rule,no_constraint,end_of_sentence,100,0.0,0.0,0.0,0.0,0.0,0.0,95.0
Qwen3-32B,prefill_no_rule,no_constraint,word_suppression,100,1.0,0.0,3.0,13.999999999999996,0.0,1.0,51.0
Qwen3-32B,external_ceiling,external_cot,lowercase_thinking,100,75.06477940581435,43.289016283022036,94.94675225391076,90.07773528697723,92.0,1.0,2.0
Qwen3-32B,external_ceiling,external_cot,uppercase_thinking,100,20.627868856063934,6.842795155968828,33.13382144238464,31.96245304520322,31.0,44.0,50.0
Qwen3-32B,external_ceiling,external_cot,meow_between_words,100,57.51088162378433,23.82800215678296,79.25629515780976,84.76461144968546,76.0,1.0,4.0
Qwen3-32B,external_ceiling,external_cot,end_of_sentence,100,1.4999999999999998,0.0,4.669999999999982,1.4999999999999998,2.0,1.0,91.0
Qwen3-32B,external_ceiling,external_cot,word_suppression,100,58.8551106804413,37.77438356138978,75.86096570641723,75.03420274764366,75.0,2.0,10.0
Qwen3.6-27B-FP8,none,baseline,lowercase_thinking,100,0.0,0.0,0.0,1.000000000000001,0.0,97.0,99.0
Qwen3.6-27B-FP8,none,baseline,uppercase_thinking,100,2.6666666666666665,0.0,6.0,9.999999999999998,1.0,76.0,85.0
Qwen3.6-27B-FP8,none,baseline,meow_between_words,100,0.0,0.0,0.0,0.0,0.0,100.0,100.0
Qwen3.6-27B-FP8,none,baseline,end_of_sentence,100,0.0,0.0,0.0,0.0,0.0,0.0,99.0
Qwen3.6-27B-FP8,none,baseline,word_suppression,100,3.9999999999999987,0.9999999999999996,7.999999999999999,24.999999999999982,0.0,0.0,28.000000000000004
Qwen3.6-27B-FP8,none,stacked,lowercase_thinking,100,5.785714285714286,0.0,11.0,13.999999999999996,8.0,65.0,84.0
Qwen3.6-27B-FP8,none,stacked,uppercase_thinking,100,13.917272727272726,6.938010790679909,21.445945891608392,27.999999999999993,9.0,64.0,70.0
Qwen3.6-27B-FP8,none,stacked,meow_between_words,100,0.9999999999999966,0.0,3.0000000000000027,0.9999999999999966,1.0,99.0,99.0
Qwen3.6-27B-FP8,none,stacked,end_of_sentence,100,0.0,0.0,0.0,0.0,0.0,0.0,97.0
Qwen3.6-27B-FP8,none,stacked,word_suppression,100,2.999999999999999,0.0,6.9999999999999964,21.999999999999982,0.0,0.0,31.0
Qwen3.6-27B-FP8,prefill_compliant,baseline,lowercase_thinking,100,44.74051146109464,35.59484099672092,53.730744678665886,60.0,25.0,25.0,33.0
Qwen3.6-27B-FP8,prefill_compliant,baseline,uppercase_thinking,100,34.10241305986111,25.450081073653557,43.264653140096584,60.999999999999964,23.0,0.0,17.0
Qwen3.6-27B-FP8,prefill_compliant,baseline,meow_between_words,100,57.962391534889775,47.907759237991925,67.92574747488494,93.0,36.0,1.0,4.0
Qwen3.6-27B-FP8,prefill_compliant,baseline,end_of_sentence,100,19.903863437076595,9.753774391098275,30.57325544813081,75.96153846153845,32.0,0.0,3.0
Qwen3.6-27B-FP8,prefill_compliant,baseline,word_suppression,100,6.693096377306898,1.5084486201888165,12.409559309835043,50.999999999999964,7.000000000000001,1.0,22.0
Qwen3.6-27B-FP8,prefill_compliant,stacked,lowercase_thinking,100,61.47141979801699,51.7328760223297,71.15135632024987,80.99999999999999,49.0,2.0,9.0
Qwen3.6-27B-FP8,prefill_compliant,stacked,uppercase_thinking,100,46.317830206662364,36.92538950000261,56.128686861267575,75.99999999999997,26.0,0.0,6.0
Qwen3.6-27B-FP8,prefill_compliant,stacked,meow_between_words,100,62.652029498338315,53.00093409650323,72.16733523633832,90.99999999999999,49.0,0.0,5.0
Qwen3.6-27B-FP8,prefill_compliant,stacked,end_of_sentence,100,38.69573720833643,24.12269206244103,53.9333642550413,89.8812981069274,57.99999999999999,1.0,1.0
Qwen3.6-27B-FP8,prefill_compliant,stacked,word_suppression,100,25.430565218096223,15.774015439107163,35.64311652138492,59.999999999999964,20.0,1.0,16.0
Qwen3.6-27B-FP8,prefill_noncompliant,baseline,lowercase_thinking,100,9.155662264905965,2.5920634920634935,16.035195046439615,18.000000000000007,8.0,78.0,78.0
Qwen3.6-27B-FP8,prefill_noncompliant,baseline,uppercase_thinking,100,1.0000000000000004,0.0,3.0000000000000004,1.0000000000000004,1.0,97.0,99.0
Qwen3.6-27B-FP8,prefill_noncompliant,baseline,meow_between_words,100,0.0,0.0,0.0,0.0,0.0,96.0,99.0
Qwen3.6-27B-FP8,prefill_noncompliant,baseline,end_of_sentence,100,0.0,0.0,0.0,1.0000000000000004,0.0,0.0,94.0
Qwen3.6-27B-FP8,prefill_noncompliant,stacked,lowercase_thinking,100,49.85126199605301,39.64457504566387,59.9417024651945,60.967741935483865,41.0,26.0,30.0
Qwen3.6-27B-FP8,prefill_noncompliant,stacked,uppercase_thinking,100,8.57142857142857,3.3333333333333335,14.545454545454541,12.999999999999998,6.0,78.0,85.0
Qwen3.6-27B-FP8,prefill_noncompliant,stacked,meow_between_words,100,2.0,0.0,5.0,2.0,0.0,95.0,98.0
Qwen3.6-27B-FP8,prefill_noncompliant,stacked,end_of_sentence,100,0.0,0.0,3.75,4.000000000000001,2.0,1.0,95.0
Qwen3.6-27B-FP8,prefill_no_rule,no_constraint,lowercase_thinking,100,4.799999999999999,1.0000000000000002,9.750694444444441,7.999999999999997,3.0,88.0,91.0
Qwen3.6-27B-FP8,prefill_no_rule,no_constraint,uppercase_thinking,100,18.278195488721803,11.382606547619051,25.376608090185655,31.99999999999999,12.0,51.0,60.0
Qwen3.6-27B-FP8,prefill_no_rule,no_constraint,meow_between_words,100,34.9444444444444,25.99999999999999,43.999999999999986,55.99999999999996,17.0,12.0,32.0
Qwen3.6-27B-FP8,prefill_no_rule,no_constraint,end_of_sentence,100,0.0,0.0,0.0,0.0,0.0,19.0,89.0
Qwen3.6-27B-FP8,prefill_no_rule,no_constraint,word_suppression,100,1.0,0.0,3.0,15.99999999999999,0.0,2.0,48.0
Qwen3.6-27B-FP8,external_ceiling,external_cot,lowercase_thinking,100,36.65601428319322,23.812630824551555,49.61097292330244,74.74608873626374,44.0,12.0,16.0
Qwen3.6-27B-FP8,external_ceiling,external_cot,uppercase_thinking,100,14.71778807982439,6.663702021825295,23.617585322088402,57.54720468802233,23.0,21.0,27.0
Qwen3.6-27B-FP8,external_ceiling,external_cot,meow_between_words,100,27.482373249224175,17.707806540808544,37.54917869001306,32.764073371284006,24.0,62.0,63.0
Qwen3.6-27B-FP8,external_ceiling,external_cot,end_of_sentence,100,1.9999999999999993,0.0,6.66874999999999,9.999999999999996,6.0,34.0,86.0
Qwen3.6-27B-FP8,external_ceiling,external_cot,word_suppression,100,10.453500230348967,3.2105710512477215,18.964581982469483,51.106430312640505,21.0,15.0,26.0
Qwen3.8-27B-FP8,none,baseline,lowercase_thinking,100,0.0,0.0,0.0,2.0000000000000018,0.0,98.0,98.0
Qwen3.8-27B-FP8,none,baseline,uppercase_thinking,100,0.0,0.0,0.0,0.0,0.0,97.0,97.0
Qwen3.8-27B-FP8,none,baseline,meow_between_words,100,0.0,0.0,0.0,0.0,0.0,100.0,100.0
Qwen3.8-27B-FP8,none,baseline,end_of_sentence,100,0.0,0.0,0.0,0.9999999999999997,0.0,0.0,95.0
Qwen3.8-27B-FP8,none,baseline,word_suppression,100,5.7142857142857135,1.5975000000000028,10.666666666666659,26.99999999999998,3.0,2.0,38.0
Qwen3.8-27B-FP8,none,stacked,lowercase_thinking,100,38.087021367469454,26.51885419821623,49.45951101085432,66.98507462686564,39.0,3.0,16.0
Qwen3.8-27B-FP8,none,stacked,uppercase_thinking,100,17.2224609375,8.810337662337668,26.013458994708976,26.99999999999999,18.0,56.00000000000001,57.99999999999999
Qwen3.8-27B-FP8,none,stacked,meow_between_words,100,0.0,0.0,0.0,1.0000000000000009,0.0,99.0,99.0
Qwen3.8-27B-FP8,none,stacked,end_of_sentence,100,0.0,0.0,0.0,1.0000000000000004,0.0,0.0,99.0
Qwen3.8-27B-FP8,none,stacked,word_suppression,100,10.525005885228984,4.071095559845561,17.846882988670377,42.99999999999997,11.0,0.0,32.0
Qwen3.8-27B-FP8,prefill_compliant,baseline,lowercase_thinking,100,53.14859780574144,42.85816010331944,63.22156956499592,76.99999999999999,45.0,2.0,13.0
Qwen3.8-27B-FP8,prefill_compliant,baseline,uppercase_thinking,100,27.50640774893787,18.006074547146227,37.06933732557886,55.99999999999996,26.0,1.0,18.0
Qwen3.8-27B-FP8,prefill_compliant,baseline,meow_between_words,100,14.609374999999991,8.037560958778062,22.080043422733063,50.999999999999964,8.0,5.0,16.0
Qwen3.8-27B-FP8,prefill_compliant,baseline,end_of_sentence,100,1.5584415584415579,0.0,5.200909090909084,10.909090909090903,4.0,0.0,53.0
Qwen3.8-27B-FP8,prefill_compliant,baseline,word_suppression,100,16.798262392241366,9.241534662867993,24.65812137516768,38.99999999999996,13.0,3.0,23.0
Qwen3.8-27B-FP8,prefill_compliant,stacked,lowercase_thinking,100,54.4484246197778,42.793234549471514,65.19125190266173,80.96385542168673,50.0,0.0,5.0
Qwen3.8-27B-FP8,prefill_compliant,stacked,uppercase_thinking,100,35.03509188480518,24.77901908403185,45.90442821503714,62.99999999999998,34.0,0.0,18.0
Qwen3.8-27B-FP8,prefill_compliant,stacked,meow_between_words,100,35.18031669397582,25.959476972937935,44.671261673159684,68.99999999999997,22.0,0.0,11.0
Qwen3.8-27B-FP8,prefill_compliant,stacked,end_of_sentence,100,11.73043914089099,2.8887563513353616,21.532208187136437,59.999999999999964,26.0,0.0,16.0
Qwen3.8-27B-FP8,prefill_compliant,stacked,word_suppression,100,17.465610859728493,9.877317418021915,25.85411241718805,41.999999999999964,18.0,2.0,31.0
Qwen3.8-27B-FP8,prefill_noncompliant,baseline,lowercase_thinking,100,0.0,0.0,0.0,0.0,0.0,100.0,100.0
Qwen3.8-27B-FP8,prefill_noncompliant,baseline,uppercase_thinking,100,0.0,0.0,0.0,0.0,0.0,100.0,100.0
Qwen3.8-27B-FP8,prefill_noncompliant,baseline,meow_between_words,100,0.0,0.0,0.0,0.0,0.0,100.0,100.0
Qwen3.8-27B-FP8,prefill_noncompliant,baseline,end_of_sentence,100,0.0,0.0,0.0,0.0,0.0,0.0,89.0
Qwen3.8-27B-FP8,prefill_noncompliant,stacked,lowercase_thinking,100,17.478991596638657,10.498833333333337,25.0,20.000000000000004,16.0,76.0,79.0
Qwen3.8-27B-FP8,prefill_noncompliant,stacked,uppercase_thinking,100,0.0,0.0,0.0,0.0,0.0,100.0,100.0
Qwen3.8-27B-FP8,prefill_noncompliant,stacked,meow_between_words,100,0.0,0.0,0.0,0.0,0.0,99.0,100.0
Qwen3.8-27B-FP8,prefill_noncompliant,stacked,end_of_sentence,100,0.0,0.0,0.0,2.000000000000001,0.0,0.0,87.0
Qwen3.8-27B-FP8,prefill_no_rule,no_constraint,lowercase_thinking,100,2.9999999999999987,0.0,6.999999999999998,3.9999999999999982,3.0,93.0,96.0
Qwen3.8-27B-FP8,prefill_no_rule,no_constraint,uppercase_thinking,100,23.787337875570902,15.403573550420171,33.03827590023613,45.999999999999964,21.0,1.0,27.0
Qwen3.8-27B-FP8,prefill_no_rule,no_constraint,meow_between_words,100,3.030303030303031,0.0,6.122448979591838,14.141414141414144,1.0,36.0,77.0
Qwen3.8-27B-FP8,prefill_no_rule,no_constraint,end_of_sentence,100,0.0,0.0,0.0,0.0,0.0,0.0,93.0
Qwen3.8-27B-FP8,prefill_no_rule,no_constraint,word_suppression,100,1.0,0.0,3.0000000000000004,11.999999999999995,0.0,3.0,52.0
Qwen3.8-27B-FP8,external_ceiling,external_cot,lowercase_thinking,100,18.41898847996101,7.468428889018838,30.31935287268594,53.63337763691105,33.0,30.0,38.0
Qwen3.8-27B-FP8,external_ceiling,external_cot,uppercase_thinking,100,14.038711256616581,5.022941051929653,24.372589827935208,39.928571428571416,23.0,45.0,52.0
Qwen3.8-27B-FP8,external_ceiling,external_cot,meow_between_words,100,45.03077873296359,33.92039204133442,56.340668575652266,65.7691287878788,47.0,26.0,27.0
Qwen3.8-27B-FP8,external_ceiling,external_cot,end_of_sentence,100,0.0,0.0,7.804999999999973,9.999999999999998,7.000000000000001,21.0,83.0
Qwen3.8-27B-FP8,external_ceiling,external_cot,word_suppression,100,6.693314934529258,0.0,15.918284935699834,30.240831964969892,19.0,33.0,43.0
Gemma-4-31B-FP8,none,baseline,lowercase_thinking,100,0.0,0.0,0.0,0.0,0.0,99.0,100.0
Gemma-4-31B-FP8,none,baseline,uppercase_thinking,100,0.0,0.0,0.0,0.0,0.0,96.0,100.0
Gemma-4-31B-FP8,none,baseline,meow_between_words,100,0.0,0.0,0.0,0.0,0.0,39.0,100.0
Gemma-4-31B-FP8,none,baseline,end_of_sentence,100,1.0,0.0,3.0000000000000004,2.0,0.0,1.0,90.0
Gemma-4-31B-FP8,none,baseline,word_suppression,100,39.67726625533929,30.78896761133602,48.774934938191244,75.99999999999997,17.0,1.0,9.0
Gemma-4-31B-FP8,none,stacked,lowercase_thinking,100,3.0000000000000004,0.0,6.000000000000001,3.0000000000000004,3.0,94.0,95.0
Gemma-4-31B-FP8,none,stacked,uppercase_thinking,100,3.9999999999999996,0.9999999999999996,8.0,3.9999999999999996,4.0,95.0,96.0
Gemma-4-31B-FP8,none,stacked,meow_between_words,100,3.8804533943422794,0.0,9.659234360410826,52.99999999999997,9.0,12.0,15.0
Gemma-4-31B-FP8,none,stacked,end_of_sentence,100,13.383005518684682,3.448168219291653,23.98591000366515,69.88960791777691,30.0,0.0,17.0
Gemma-4-31B-FP8,none,stacked,word_suppression,100,63.65453241391099,53.83670527483364,73.8221776644268,84.93178170144463,59.0,0.0,5.0
Gemma-4-31B-FP8,prefill_compliant,baseline,lowercase_thinking,100,21.135962198895854,12.829666455978069,29.590884521188244,42.999999999999986,12.0,35.0,44.0
Gemma-4-31B-FP8,prefill_compliant,baseline,uppercase_thinking,100,3.253362022592791,0.0,7.994502575223632,39.999999999999964,5.0,9.0,34.0
Gemma-4-31B-FP8,prefill_compliant,baseline,meow_between_words,100,1.25,0.0,3.9999999999999996,27.999999999999986,2.0,1.0,36.0
Gemma-4-31B-FP8,prefill_compliant,baseline,end_of_sentence,100,13.062287118946733,6.027435034074605,20.107373881226216,66.99999999999999,10.0,0.0,12.0
Gemma-4-31B-FP8,prefill_compliant,baseline,word_suppression,100,50.27785495971098,40.499652777777776,60.281840506127146,81.99999999999999,24.0,1.0,6.0
Gemma-4-31B-FP8,prefill_compliant,stacked,lowercase_thinking,100,72.64593420671348,62.518286152444304,81.95915728072599,90.95744680851064,55.00000000000001,0.0,3.0
Gemma-4-31B-FP8,prefill_compliant,stacked,uppercase_thinking,100,23.750892102614515,13.878285499028022,33.65065404773955,61.99999999999998,24.0,1.0,23.0
Gemma-4-31B-FP8,prefill_compliant,stacked,meow_between_words,100,4.763060461956519,0.0,10.221414103708144,66.99999999999997,11.0,0.0,8.0
Gemma-4-31B-FP8,prefill_compliant,stacked,end_of_sentence,100,28.02373360639451,16.360981922941132,40.18349071489473,90.95651135005973,41.0,0.0,2.0
Gemma-4-31B-FP8,prefill_compliant,stacked,word_suppression,100,76.40539941344295,66.45653726700243,85.36203027961842,94.95789473684209,71.0,0.0,2.0
Gemma-4-31B-FP8,prefill_noncompliant,baseline,lowercase_thinking,100,0.0,0.0,0.0,0.0,0.0,100.0,100.0
Gemma-4-31B-FP8,prefill_noncompliant,baseline,uppercase_thinking,100,0.0,0.0,0.0,0.0,0.0,97.0,100.0
Gemma-4-31B-FP8,prefill_noncompliant,baseline,meow_between_words,100,0.0,0.0,0.0,0.0,0.0,61.0,100.0
Gemma-4-31B-FP8,prefill_noncompliant,baseline,end_of_sentence,100,0.0,0.0,0.0,3.0000000000000004,0.0,3.0,79.0
Gemma-4-31B-FP8,prefill_noncompliant,stacked,lowercase_thinking,100,6.0,1.9999999999999993,11.000000000000004,6.0,4.0,94.0,94.0
Gemma-4-31B-FP8,prefill_noncompliant,stacked,uppercase_thinking,100,0.0,0.0,0.0,0.0,0.0,100.0,100.0
Gemma-4-31B-FP8,prefill_noncompliant,stacked,meow_between_words,100,0.0,0.0,0.0,0.0,0.0,83.0,100.0
Gemma-4-31B-FP8,prefill_noncompliant,stacked,end_of_sentence,100,11.262121308150583,4.380658534354213,18.950017865518166,30.999999999999993,14.000000000000002,0.0,65.0
Gemma-4-31B-FP8,prefill_no_rule,no_constraint,lowercase_thinking,100,0.0,0.0,0.0,0.0,0.0,98.0,100.0
Gemma-4-31B-FP8,prefill_no_rule,no_constraint,uppercase_thinking,100,0.0,0.0,0.0,0.0,0.0,97.0,100.0
Gemma-4-31B-FP8,prefill_no_rule,no_constraint,meow_between_words,100,0.0,0.0,0.0,0.0,0.0,50.0,100.0
Gemma-4-31B-FP8,prefill_no_rule,no_constraint,end_of_sentence,100,0.0,0.0,0.0,1.0,0.0,0.0,86.0
Gemma-4-31B-FP8,prefill_no_rule,no_constraint,word_suppression,100,3.9999999999999987,0.9999999999999996,7.999999999999999,18.999999999999982,0.0,7.000000000000001,42.0
Gemma-4-31B-FP8,external_ceiling,external_cot,lowercase_thinking,100,78.02693461486739,66.46600373634865,88.17272563085129,85.78906587026889,82.0,5.0,8.0
Gemma-4-31B-FP8,external_ceiling,external_cot,uppercase_thinking,100,7.959453792874433,0.0,25.242104373863704,67.09511978704525,49.0,3.0,24.0
Gemma-4-31B-FP8,external_ceiling,external_cot,meow_between_words,100,0.0,0.0,27.762119755821384,54.342806766490334,44.0,0.0,14.000000000000002
Gemma-4-31B-FP8,external_ceiling,external_cot,end_of_sentence,100,70.00273948132893,46.0352179401471,89.51494415792888,89.19383141300008,87.0,5.0,6.0
Gemma-4-31B-FP8,external_ceiling,external_cot,word_suppression,100,85.97393550371608,69.3001215435525,97.59177888022678,95.48066875653083,94.0,0.0,0.0
Gemma-4-12B,none,baseline,lowercase_thinking,100,0.0,0.0,0.0,0.0,0.0,99.0,100.0
Gemma-4-12B,none,baseline,uppercase_thinking,100,0.0,0.0,0.0,0.0,0.0,96.0,100.0
Gemma-4-12B,none,baseline,meow_between_words,100,0.0,0.0,0.0,0.0,0.0,28.999999999999996,100.0
Gemma-4-12B,none,baseline,end_of_sentence,100,0.0,0.0,0.0,0.0,0.0,0.0,91.0
Gemma-4-12B,none,baseline,word_suppression,100,26.999999999999968,18.999999999999982,35.99999999999998,57.999999999999964,4.0,2.0,18.0
Gemma-4-12B,none,stacked,lowercase_thinking,100,1.5000000000000004,0.0,4.999999999999997,3.000000000000001,2.0,97.0,97.0
Gemma-4-12B,none,stacked,uppercase_thinking,100,0.0,0.0,0.0,0.0,0.0,97.0,100.0
Gemma-4-12B,none,stacked,meow_between_words,100,0.0,0.0,9.000000000000002,0.0,7.000000000000001,91.0,93.0
Gemma-4-12B,none,stacked,end_of_sentence,100,0.0,0.0,0.0,0.0,0.0,0.0,92.0
Gemma-4-12B,none,stacked,word_suppression,100,31.459540560815853,22.554434063456068,40.97621951219508,61.99999999999998,9.0,0.0,19.0
Gemma-4-12B,prefill_compliant,baseline,lowercase_thinking,100,0.0,0.0,0.0,0.0,0.0,94.0,99.0
Gemma-4-12B,prefill_compliant,baseline,uppercase_thinking,100,1.0000000000000004,0.0,3.000000000000001,15.0,0.0,57.99999999999999,76.0
Gemma-4-12B,prefill_compliant,baseline,meow_between_words,100,4.363636363636362,0.9999999999999997,9.000000000000002,34.99999999999998,1.0,12.0,43.0
Gemma-4-12B,prefill_compliant,baseline,end_of_sentence,100,0.0,0.0,0.0,15.999999999999998,0.0,0.0,62.0
Gemma-4-12B,prefill_compliant,baseline,word_suppression,100,34.71513157894733,25.83333333333333,43.86062015503874,60.999999999999964,7.000000000000001,4.0,13.0
Gemma-4-12B,prefill_compliant,stacked,lowercase_thinking,100,21.75196193751781,13.199539255302739,30.92734146540265,49.99999999999996,19.0,7.000000000000001,36.0
Gemma-4-12B,prefill_compliant,stacked,uppercase_thinking,100,14.124445603070743,6.042397805223263,23.13260338803849,57.999999999999964,20.0,3.0,27.0
Gemma-4-12B,prefill_compliant,stacked,meow_between_words,100,6.581196581196577,2.080578512396697,12.220634191176453,63.99999999999997,3.0,0.0,7.000000000000001
Gemma-4-12B,prefill_compliant,stacked,end_of_sentence,100,6.388497402102527,0.0,13.509094979318023,69.99999999999997,19.0,1.0,7.000000000000001
Gemma-4-12B,prefill_compliant,stacked,word_suppression,100,40.08246975862519,30.216804775878973,50.11230344319131,76.99999999999999,16.0,0.0,6.0
Gemma-4-12B,prefill_noncompliant,baseline,lowercase_thinking,100,0.0,0.0,0.0,0.0,0.0,95.0,99.0
Gemma-4-12B,prefill_noncompliant,baseline,uppercase_thinking,100,0.0,0.0,0.0,0.0,0.0,97.0,100.0
Gemma-4-12B,prefill_noncompliant,baseline,meow_between_words,100,0.0,0.0,0.0,0.0,0.0,49.0,100.0
Gemma-4-12B,prefill_noncompliant,baseline,end_of_sentence,100,0.0,0.0,0.0,0.0,0.0,0.0,87.0
Gemma-4-12B,prefill_noncompliant,stacked,lowercase_thinking,100,0.0,0.0,0.0,0.0,0.0,100.0,100.0
Gemma-4-12B,prefill_noncompliant,stacked,uppercase_thinking,100,0.9999999999999999,0.0,3.000000000000001,0.9999999999999999,1.0,97.0,99.0
Gemma-4-12B,prefill_noncompliant,stacked,meow_between_words,100,0.0,0.0,0.0,0.0,0.0,90.0,100.0
Gemma-4-12B,prefill_noncompliant,stacked,end_of_sentence,100,1.5000000000000007,0.0,4.666666666666665,9.000000000000004,1.0,1.0,80.0
Gemma-4-12B,prefill_no_rule,no_constraint,lowercase_thinking,100,0.0,0.0,0.0,0.0,0.0,100.0,100.0
Gemma-4-12B,prefill_no_rule,no_constraint,uppercase_thinking,100,0.0,0.0,0.0,0.0,0.0,97.0,100.0
Gemma-4-12B,prefill_no_rule,no_constraint,meow_between_words,100,0.0,0.0,0.0,0.0,0.0,53.0,99.0
Gemma-4-12B,prefill_no_rule,no_constraint,end_of_sentence,100,0.0,0.0,0.0,0.0,0.0,0.0,86.0
Gemma-4-12B,prefill_no_rule,no_constraint,word_suppression,100,3.9999999999999987,0.9999999999999996,7.999999999999999,20.999999999999986,0.0,4.0,40.0
Gemma-4-12B,external_ceiling,external_cot,lowercase_thinking,100,0.0,0.0,54.831594901605115,54.94230482161516,53.0,32.0,40.0
Gemma-4-12B,external_ceiling,external_cot,uppercase_thinking,100,31.04034221120037,13.07487815187988,48.375169359248474,47.29956908373389,51.0,23.0,35.0
Gemma-4-12B,external_ceiling,external_cot,meow_between_words,100,18.792077699039318,0.0,59.51594737912279,63.36502232403339,60.0,23.0,26.0
Gemma-4-12B,external_ceiling,external_cot,end_of_sentence,100,0.0,0.0,44.022372122762135,51.822222222222194,47.0,8.0,44.0
Gemma-4-12B,external_ceiling,external_cot,word_suppression,100,72.5972675972676,58.570232494777954,84.42194272677622,81.68253968253968,77.0,13.0,16.0
Qwen3.5-9B,none,baseline,lowercase_thinking,100,0.0,0.0,0.0,0.0,0.0,100.0,100.0
Qwen3.5-9B,none,baseline,uppercase_thinking,100,0.0,0.0,0.0,0.0,0.0,100.0,100.0
Qwen3.5-9B,none,baseline,meow_between_words,100,0.0,0.0,0.0,0.0,0.0,100.0,100.0
Qwen3.5-9B,none,baseline,end_of_sentence,100,0.0,0.0,0.0,0.0,0.0,0.0,99.0
Qwen3.5-9B,none,baseline,word_suppression,100,1.0,0.0,3.0,13.999999999999993,0.0,0.0,35.0
Qwen3.5-9B,none,stacked,lowercase_thinking,100,0.0,0.0,0.0,0.0,0.0,100.0,100.0
Qwen3.5-9B,none,stacked,uppercase_thinking,100,0.0,0.0,0.0,0.0,0.0,100.0,100.0
Qwen3.5-9B,none,stacked,meow_between_words,100,0.0,0.0,0.0,0.0,0.0,100.0,100.0
Qwen3.5-9B,none,stacked,end_of_sentence,100,0.0,0.0,0.0,0.0,0.0,0.0,100.0
Qwen3.5-9B,none,stacked,word_suppression,100,0.0,0.0,0.0,1.0,0.0,0.0,53.0
Qwen3.5-9B,prefill_compliant,baseline,lowercase_thinking,100,0.0,0.0,0.0,3.0000000000000004,0.0,88.0,94.0
Qwen3.5-9B,prefill_compliant,baseline,uppercase_thinking,100,19.179011777695976,11.600590202636237,27.481633899666434,56.999999999999986,13.0,11.0,21.0
Qwen3.5-9B,prefill_compliant,baseline,meow_between_words,100,8.234965034965027,3.183759590792839,14.51995341614905,54.99999999999996,5.0,2.0,11.0
Qwen3.5-9B,prefill_compliant,baseline,end_of_sentence,100,0.0,0.0,0.0,3.9999999999999996,0.0,0.0,84.0
Qwen3.5-9B,prefill_compliant,baseline,word_suppression,100,2.000000000000001,0.0,5.0,24.999999999999996,0.0,1.0,42.0
Qwen3.5-9B,prefill_compliant,stacked,lowercase_thinking,100,1.7777777777777777,0.0,5.717261904761888,8.999999999999996,4.0,82.0,88.0
Qwen3.5-9B,prefill_compliant,stacked,uppercase_thinking,100,28.575180171581394,19.316595473745927,38.45864212178394,73.99999999999997,20.0,0.0,9.0
Qwen3.5-9B,prefill_compliant,stacked,meow_between_words,100,14.33339934788419,5.771422774144002,22.487484395574203,66.99999999999999,23.0,0.0,12.0
Qwen3.5-9B,prefill_compliant,stacked,end_of_sentence,100,1.8165323742665784,0.0,5.9313134563134495,40.999999999999964,8.0,0.0,23.0
Qwen3.5-9B,prefill_compliant,stacked,word_suppression,100,0.0,0.0,2.2857142857142856,14.999999999999988,3.0,1.0,43.0
Qwen3.5-9B,prefill_noncompliant,baseline,lowercase_thinking,100,0.0,0.0,0.0,0.0,0.0,100.0,100.0
Qwen3.5-9B,prefill_noncompliant,baseline,uppercase_thinking,100,0.0,0.0,0.0,0.0,0.0,100.0,100.0
Qwen3.5-9B,prefill_noncompliant,baseline,meow_between_words,100,0.0,0.0,0.0,0.0,0.0,99.0,100.0
Qwen3.5-9B,prefill_noncompliant,baseline,end_of_sentence,100,0.0,0.0,0.0,0.0,0.0,0.0,98.0
Qwen3.5-9B,prefill_noncompliant,stacked,lowercase_thinking,100,0.0,0.0,0.0,0.0,0.0,100.0,100.0
Qwen3.5-9B,prefill_noncompliant,stacked,uppercase_thinking,100,0.0,0.0,0.0,0.0,0.0,100.0,100.0
Qwen3.5-9B,prefill_noncompliant,stacked,meow_between_words,100,0.0,0.0,0.0,0.0,0.0,100.0,100.0
Qwen3.5-9B,prefill_noncompliant,stacked,end_of_sentence,100,0.0,0.0,0.0,0.0,0.0,0.0,96.0
Qwen3.5-9B,prefill_no_rule,no_constraint,lowercase_thinking,100,0.0,0.0,0.0,0.0,0.0,100.0,100.0
Qwen3.5-9B,prefill_no_rule,no_constraint,uppercase_thinking,100,21.954545454545443,13.999999999999998,29.999999999999993,36.99999999999998,9.0,24.0,47.0
Qwen3.5-9B,prefill_no_rule,no_constraint,meow_between_words,100,4.000000000000001,0.9999999999999999,8.000000000000004,16.000000000000004,3.0,19.0,79.0
Qwen3.5-9B,prefill_no_rule,no_constraint,end_of_sentence,100,0.0,0.0,0.0,0.0,0.0,2.0,92.0
Qwen3.5-9B,prefill_no_rule,no_constraint,word_suppression,100,2.999999999999999,0.0,6.000000000000001,18.999999999999982,0.0,1.0,50.0
Qwen3.5-9B,external_ceiling,external_cot,lowercase_thinking,100,0.0,0.0,16.75794619878754,22.983061261189253,20.0,22.0,60.0
Qwen3.5-9B,external_ceiling,external_cot,uppercase_thinking,100,0.0,0.0,4.4011111111111045,16.84210526315789,8.0,57.99999999999999,62.0
Qwen3.5-9B,external_ceiling,external_cot,meow_between_words,100,50.20088303107173,35.722124624218736,63.58891854522194,56.347929932835605,60.0,27.0,31.0
Qwen3.5-9B,external_ceiling,external_cot,end_of_sentence,100,0.0,0.0,0.0,0.0,4.0,40.0,88.0
Qwen3.5-9B,external_ceiling,external_cot,word_suppression,100,3.4279521653627625,0.0,11.563722139929023,27.46460370748795,13.0,41.0,57.99999999999999
