model,prompt,mode,n,S_t_star,reached_t_star,P1,aborted
Qwen3-32B,baseline,alternating_case,100,0.0,0.0,0.0,75
Qwen3-32B,baseline,end_of_sentence,100,0.0,0.0,0.0,75
Qwen3-32B,baseline,lowercase_thinking,100,2.3999999999999995,0.0,4.0,72
Qwen3-32B,baseline,meow_between_words,100,7.999999999999997,7.000000000000001,7.000000000000001,69
Qwen3-32B,baseline,multiple_word_suppression,100,0.0,0.0,1.0,74
Qwen3-32B,baseline,uppercase_thinking,100,0.0,0.0,0.0,75
Qwen3-32B,baseline,word_suppression,100,10.777310924369742,5.0,8.0,68
Qwen3-32B,repetition,alternating_case,100,0.0,0.0,0.0,75
Qwen3-32B,repetition,end_of_sentence,100,0.0,0.0,0.0,75
Qwen3-32B,repetition,lowercase_thinking,100,24.59109958594845,7.000000000000001,30.0,51
Qwen3-32B,repetition,meow_between_words,100,0.0,0.0,0.0,75
Qwen3-32B,repetition,multiple_word_suppression,100,1.9999999999999998,0.0,2.0,73
Qwen3-32B,repetition,uppercase_thinking,100,2.0000000000000018,1.0,2.0,73
Qwen3-32B,repetition,word_suppression,100,12.66720779220778,9.0,12.0,63
Qwen3-32B,self_monitor,alternating_case,100,0.0,0.0,0.0,75
Qwen3-32B,self_monitor,end_of_sentence,100,0.0,0.0,0.0,75
Qwen3-32B,self_monitor,lowercase_thinking,100,25.45929629629628,5.0,33.0,42
Qwen3-32B,self_monitor,meow_between_words,100,0.9999999999999997,1.0,1.0,75
Qwen3-32B,self_monitor,multiple_word_suppression,100,2.999999999999999,1.0,3.0,72
Qwen3-32B,self_monitor,uppercase_thinking,100,0.0,0.0,0.0,75
Qwen3-32B,self_monitor,word_suppression,100,16.19598446666114,7.000000000000001,16.0,61
Qwen3-32B,stacked,alternating_case,100,0.0,0.0,0.0,75
Qwen3-32B,stacked,end_of_sentence,100,0.0,0.0,0.0,75
Qwen3-32B,stacked,lowercase_thinking,100,10.740700782776523,4.0,20.0,58
Qwen3-32B,stacked,meow_between_words,100,0.0,0.0,0.0,75
Qwen3-32B,stacked,multiple_word_suppression,100,1.2,1.0,2.0,73
Qwen3-32B,stacked,uppercase_thinking,100,1.5000000000000013,1.0,2.0,73
Qwen3-32B,stacked,word_suppression,100,13.349358974358964,10.0,10.0,65
Qwen3-8B,baseline,alternating_case,100,0.0,0.0,0.0,75
Qwen3-8B,baseline,end_of_sentence,100,0.0,0.0,0.0,75
Qwen3-8B,baseline,lowercase_thinking,100,1.8750000000000002,0.0,3.0,71
Qwen3-8B,baseline,meow_between_words,100,5.000000000000001,5.0,5.0,71
Qwen3-8B,baseline,multiple_word_suppression,100,1.0,1.0,1.0,74
Qwen3-8B,baseline,uppercase_thinking,100,0.0,0.0,0.0,75
Qwen3-8B,baseline,word_suppression,100,5.714285714285713,5.0,2.0,72
Qwen3-8B,repetition,alternating_case,100,0.0,0.0,0.0,75
Qwen3-8B,repetition,end_of_sentence,100,0.0,0.0,0.0,75
Qwen3-8B,repetition,lowercase_thinking,100,8.794013004539318,3.0,10.0,67
Qwen3-8B,repetition,meow_between_words,100,0.0,0.0,1.0,74
Qwen3-8B,repetition,multiple_word_suppression,100,2.0,2.0,2.0,73
Qwen3-8B,repetition,uppercase_thinking,100,0.0,0.0,0.0,75
Qwen3-8B,repetition,word_suppression,100,7.179487179487174,6.0,5.0,70
Qwen3-8B,self_monitor,alternating_case,100,0.0,0.0,0.0,75
Qwen3-8B,self_monitor,end_of_sentence,100,0.0,0.0,0.0,75
Qwen3-8B,self_monitor,lowercase_thinking,100,5.120000000000001,1.0,8.0,67
Qwen3-8B,self_monitor,meow_between_words,100,0.0,0.0,0.0,75
Qwen3-8B,self_monitor,multiple_word_suppression,100,0.0,0.0,0.0,75
Qwen3-8B,self_monitor,uppercase_thinking,100,0.0,0.0,0.0,75
Qwen3-8B,self_monitor,word_suppression,100,2.999999999999999,3.0,1.0,74
Qwen3-8B,stacked,alternating_case,100,0.0,0.0,0.0,75
Qwen3-8B,stacked,end_of_sentence,100,0.0,0.0,0.0,75
Qwen3-8B,stacked,lowercase_thinking,100,16.519890281900622,10.0,14.000000000000002,61
Qwen3-8B,stacked,meow_between_words,100,25.451789255287892,22.0,17.0,62
Qwen3-8B,stacked,multiple_word_suppression,100,1.5000000000000002,1.0,2.0,73
Qwen3-8B,stacked,uppercase_thinking,100,1.0000000000000009,0.0,1.0,74
Qwen3-8B,stacked,word_suppression,100,4.690598290598287,4.0,5.0,68
Qwen3.5-4B,baseline,alternating_case,100,0.0,0.0,0.0,75
Qwen3.5-4B,baseline,end_of_sentence,100,0.0,0.0,0.0,75
Qwen3.5-4B,baseline,lowercase_thinking,100,0.0,0.0,0.0,75
Qwen3.5-4B,baseline,meow_between_words,100,0.0,0.0,0.0,75
Qwen3.5-4B,baseline,multiple_word_suppression,100,0.0,0.0,0.0,75
Qwen3.5-4B,baseline,uppercase_thinking,100,0.0,0.0,0.0,75
Qwen3.5-4B,baseline,word_suppression,100,0.0,0.0,0.0,75
Qwen3.5-4B,repetition,alternating_case,100,0.0,0.0,0.0,75
Qwen3.5-4B,repetition,end_of_sentence,100,0.0,0.0,0.0,75
Qwen3.5-4B,repetition,lowercase_thinking,100,0.0,0.0,0.0,75
Qwen3.5-4B,repetition,meow_between_words,100,0.0,0.0,0.0,75
Qwen3.5-4B,repetition,multiple_word_suppression,100,0.0,0.0,0.0,75
Qwen3.5-4B,repetition,uppercase_thinking,100,0.0,0.0,0.0,75
Qwen3.5-4B,repetition,word_suppression,100,0.0,0.0,0.0,75
Qwen3.5-4B,self_monitor,alternating_case,100,0.0,0.0,0.0,75
Qwen3.5-4B,self_monitor,end_of_sentence,100,0.0,0.0,0.0,75
Qwen3.5-4B,self_monitor,lowercase_thinking,100,0.0,0.0,0.0,75
Qwen3.5-4B,self_monitor,meow_between_words,100,0.0,0.0,0.0,75
Qwen3.5-4B,self_monitor,multiple_word_suppression,100,0.0,0.0,0.0,75
Qwen3.5-4B,self_monitor,uppercase_thinking,100,0.0,0.0,0.0,75
Qwen3.5-4B,self_monitor,word_suppression,100,0.0,0.0,0.0,75
Qwen3.5-4B,stacked,alternating_case,100,0.0,0.0,0.0,75
Qwen3.5-4B,stacked,end_of_sentence,100,0.0,0.0,0.0,75
Qwen3.5-4B,stacked,lowercase_thinking,100,0.0,0.0,0.0,75
Qwen3.5-4B,stacked,meow_between_words,100,0.0,0.0,0.0,75
Qwen3.5-4B,stacked,multiple_word_suppression,100,0.0,0.0,0.0,75
Qwen3.5-4B,stacked,uppercase_thinking,100,0.0,0.0,0.0,75
Qwen3.5-4B,stacked,word_suppression,100,0.0,0.0,0.0,75
Qwen3.5-9B,baseline,alternating_case,100,0.0,0.0,0.0,75
Qwen3.5-9B,baseline,end_of_sentence,100,0.0,0.0,0.0,75
Qwen3.5-9B,baseline,lowercase_thinking,100,0.0,0.0,0.0,75
Qwen3.5-9B,baseline,meow_between_words,100,0.0,0.0,0.0,75
Qwen3.5-9B,baseline,multiple_word_suppression,100,2.000000000000001,2.0,0.0,75
Qwen3.5-9B,baseline,uppercase_thinking,100,0.0,0.0,0.0,75
Qwen3.5-9B,baseline,word_suppression,100,1.0,1.0,0.0,75
Qwen3.5-9B,repetition,alternating_case,100,0.0,0.0,0.0,75
Qwen3.5-9B,repetition,end_of_sentence,100,0.0,0.0,0.0,75
Qwen3.5-9B,repetition,lowercase_thinking,100,0.0,0.0,0.0,75
Qwen3.5-9B,repetition,meow_between_words,100,0.0,0.0,0.0,75
Qwen3.5-9B,repetition,multiple_word_suppression,100,0.0,0.0,0.0,75
Qwen3.5-9B,repetition,uppercase_thinking,100,0.0,0.0,0.0,75
Qwen3.5-9B,repetition,word_suppression,100,0.0,0.0,0.0,75
Qwen3.5-9B,self_monitor,alternating_case,100,0.0,0.0,0.0,75
Qwen3.5-9B,self_monitor,end_of_sentence,100,0.0,0.0,0.0,75
Qwen3.5-9B,self_monitor,lowercase_thinking,100,0.0,0.0,0.0,75
Qwen3.5-9B,self_monitor,meow_between_words,100,0.0,0.0,0.0,75
Qwen3.5-9B,self_monitor,multiple_word_suppression,100,0.0,0.0,0.0,75
Qwen3.5-9B,self_monitor,uppercase_thinking,100,0.0,0.0,0.0,75
Qwen3.5-9B,self_monitor,word_suppression,100,0.0,0.0,0.0,75
Qwen3.5-9B,stacked,alternating_case,100,0.0,0.0,0.0,75
Qwen3.5-9B,stacked,end_of_sentence,100,0.0,0.0,0.0,75
Qwen3.5-9B,stacked,lowercase_thinking,100,0.0,0.0,0.0,75
Qwen3.5-9B,stacked,meow_between_words,100,0.0,0.0,0.0,75
Qwen3.5-9B,stacked,multiple_word_suppression,100,0.0,0.0,0.0,75
Qwen3.5-9B,stacked,uppercase_thinking,100,0.0,0.0,0.0,75
Qwen3.5-9B,stacked,word_suppression,100,0.0,0.0,0.0,75
Qwen3.6-27B-FP8,baseline,alternating_case,100,0.0,0.0,0.0,75
Qwen3.6-27B-FP8,baseline,end_of_sentence,100,0.0,0.0,0.0,75
Qwen3.6-27B-FP8,baseline,lowercase_thinking,100,0.0,0.0,0.0,74
Qwen3.6-27B-FP8,baseline,meow_between_words,100,0.0,0.0,0.0,75
Qwen3.6-27B-FP8,baseline,multiple_word_suppression,100,1.0,1.0,0.0,75
Qwen3.6-27B-FP8,baseline,uppercase_thinking,100,2.6666666666666665,2.0,1.0,74
Qwen3.6-27B-FP8,baseline,word_suppression,100,3.9999999999999987,4.0,0.0,75
Qwen3.6-27B-FP8,repetition,alternating_case,100,0.0,0.0,0.0,75
Qwen3.6-27B-FP8,repetition,end_of_sentence,100,0.0,0.0,0.0,75
Qwen3.6-27B-FP8,repetition,lowercase_thinking,100,0.0,0.0,5.0,70
Qwen3.6-27B-FP8,repetition,meow_between_words,100,0.0,0.0,0.0,75
Qwen3.6-27B-FP8,repetition,multiple_word_suppression,100,2.0,2.0,0.0,75
Qwen3.6-27B-FP8,repetition,uppercase_thinking,100,9.948979591836737,6.0,9.0,68
Qwen3.6-27B-FP8,repetition,word_suppression,100,6.9999999999999964,7.000000000000001,0.0,75
Qwen3.6-27B-FP8,self_monitor,alternating_case,100,0.0,0.0,0.0,75
Qwen3.6-27B-FP8,self_monitor,end_of_sentence,100,0.0,0.0,0.0,75
Qwen3.6-27B-FP8,self_monitor,lowercase_thinking,100,0.0,0.0,0.0,75
Qwen3.6-27B-FP8,self_monitor,meow_between_words,100,0.0,0.0,0.0,75
Qwen3.6-27B-FP8,self_monitor,multiple_word_suppression,100,0.0,0.0,0.0,75
Qwen3.6-27B-FP8,self_monitor,uppercase_thinking,100,5.000000000000001,4.0,3.0,73
Qwen3.6-27B-FP8,self_monitor,word_suppression,100,1.0,1.0,0.0,75
Qwen3.6-27B-FP8,stacked,alternating_case,100,0.0,0.0,0.0,75
Qwen3.6-27B-FP8,stacked,end_of_sentence,100,0.0,0.0,0.0,75
Qwen3.6-27B-FP8,stacked,lowercase_thinking,100,5.785714285714286,2.0,8.0,68
Qwen3.6-27B-FP8,stacked,meow_between_words,100,0.9999999999999966,0.0,1.0,75
Qwen3.6-27B-FP8,stacked,multiple_word_suppression,100,1.0,1.0,0.0,75
Qwen3.6-27B-FP8,stacked,uppercase_thinking,100,13.917272727272726,9.0,9.0,71
Qwen3.6-27B-FP8,stacked,word_suppression,100,2.999999999999999,3.0,0.0,75
