model,responses,n,S(200),P1
Qwen3-32B,all,500,"52.1 [48.1, 56.0]","50.2 [46.5, 54.0]"
Qwen3-32B,tagged,452,"58.6 [53.7, 63.3]","56.8 [52.6, 61.0]"
Qwen3.6-27B-FP8,all,500,"43.8 [39.4, 48.1]","24.2 [20.0, 28.7]"
Qwen3.6-27B-FP8,tagged,381,"57.3 [52.1, 62.7]","33.1 [27.8, 38.8]"
Qwen3.8-27B-FP8,all,500,"42.3 [37.0, 47.6]","27.5 [23.2, 32.2]"
Qwen3.8-27B-FP8,tagged,371,"56.4 [51.3, 61.4]","36.5 [31.6, 41.9]"
Gemma-4-31B-FP8,all,500,"74.1 [68.9, 79.2]","65.5 [59.8, 71.0]"
Gemma-4-31B-FP8,tagged,499,"74.3 [69.2, 79.4]","65.7 [59.9, 71.2]"
Gemma-4-12B,all,500,"54.4 [48.6, 59.9]","52.8 [47.2, 58.0]"
Gemma-4-12B,tagged,461,"58.1 [52.2, 63.8]","56.4 [50.8, 61.9]"
Qwen3.5-9B,all,500,"24.0 [20.0, 28.1]","23.0 [19.2, 26.8]"
Qwen3.5-9B,tagged,352,"31.0 [26.4, 35.6]","31.6 [27.0, 36.3]"
