model,condition,prompt,S1000_strict,S200_strict,S1000_lenient,S200_lenient
Qwen3-32B,none,baseline,"1.2 [0.0, 3.5]","3.0 [1.0, 5.5]","3.5 [1.5, 6.0]","3.5 [1.5, 6.0]"
Qwen3-32B,none,stacked,"6.1 [1.7, 10.8]","17.5 [13.0, 22.0]","18.1 [8.6, 26.1]","25.6 [20.1, 30.7]"
Qwen3-32B,prefill_compliant,baseline,"38.4 [31.5, 45.5]","59.5 [53.0, 66.0]","64.7 [56.3, 72.1]","82.5 [77.4, 87.4]"
Qwen3-32B,prefill_compliant,stacked,"36.5 [28.0, 44.5]","61.5 [54.0, 68.5]","70.7 [61.0, 79.4]","88.4 [83.7, 92.7]"
Qwen3-32B,prefill_noncompliant,baseline,"0.0 [0.0, 0.0]","0.0 [0.0, 0.0]","0.0 [0.0, 0.0]","0.0 [0.0, 0.0]"
Qwen3-32B,prefill_noncompliant,stacked,"0.0 [0.0, 0.0]","0.0 [0.0, 0.0]","0.0 [0.0, 0.0]","0.0 [0.0, 0.0]"
Qwen3-32B,prefill_no_rule,no_constraint,"10.9 [6.7, 15.4]","15.5 [11.0, 20.0]","14.4 [9.3, 19.1]","20.4 [15.7, 25.3]"
Qwen3-32B,external_ceiling,external_cot,"47.8 [31.1, 61.0]","61.0 [54.4, 67.3]","62.4 [45.6, 74.3]","72.5 [67.3, 77.7]"
Qwen3.6-27B-FP8,none,baseline,"1.3 [0.0, 3.0]","5.5 [2.5, 8.5]","4.0 [1.4, 6.8]","7.9 [4.5, 11.4]"
Qwen3.6-27B-FP8,none,stacked,"9.9 [6.1, 13.7]","21.0 [16.5, 26.0]","20.0 [12.9, 26.5]","26.5 [22.0, 31.5]"
Qwen3.6-27B-FP8,prefill_compliant,baseline,"39.4 [33.0, 46.0]","60.5 [54.0, 67.5]","68.4 [61.1, 75.7]","81.6 [76.7, 86.8]"
Qwen3.6-27B-FP8,prefill_compliant,stacked,"53.9 [47.1, 60.9]","78.5 [72.0, 84.5]","85.1 [79.5, 90.4]","98.5 [96.5, 100.0]"
Qwen3.6-27B-FP8,prefill_noncompliant,baseline,"5.1 [1.7, 8.7]","9.5 [6.0, 13.0]","9.9 [5.2, 14.4]","12.0 [8.0, 16.0]"
Qwen3.6-27B-FP8,prefill_noncompliant,stacked,"29.2 [23.4, 35.1]","37.0 [32.0, 42.5]","41.8 [36.7, 47.2]","44.5 [39.5, 50.0]"
Qwen3.6-27B-FP8,prefill_no_rule,no_constraint,"11.5 [7.8, 15.8]","20.0 [15.0, 25.0]","18.5 [13.1, 24.2]","25.3 [19.9, 31.0]"
Qwen3.6-27B-FP8,external_ceiling,external_cot,"25.7 [18.5, 33.2]","66.1 [59.7, 72.3]","41.1 [32.8, 49.7]","80.4 [75.0, 86.0]"
Qwen3.8-27B-FP8,none,baseline,"0.0 [0.0, 0.0]","1.0 [0.0, 2.5]","1.5 [0.0, 4.0]","2.5 [0.5, 5.0]"
Qwen3.8-27B-FP8,none,stacked,"27.7 [21.1, 33.9]","47.0 [40.5, 53.0]","49.5 [41.8, 56.8]","61.7 [56.3, 67.2]"
Qwen3.8-27B-FP8,prefill_compliant,baseline,"40.3 [33.4, 47.5]","66.5 [59.5, 73.0]","68.9 [61.4, 75.8]","85.6 [80.7, 90.3]"
Qwen3.8-27B-FP8,prefill_compliant,stacked,"44.7 [36.1, 53.0]","72.0 [65.5, 78.0]","79.6 [72.0, 86.3]","90.4 [85.8, 94.3]"
Qwen3.8-27B-FP8,prefill_noncompliant,baseline,"0.0 [0.0, 0.0]","0.0 [0.0, 0.0]","0.0 [0.0, 0.0]","0.0 [0.0, 0.0]"
Qwen3.8-27B-FP8,prefill_noncompliant,stacked,"8.7 [5.2, 12.5]","10.0 [6.5, 14.0]","11.0 [7.0, 15.0]","11.0 [7.0, 15.0]"
Qwen3.8-27B-FP8,prefill_no_rule,no_constraint,"13.4 [8.6, 18.7]","25.0 [20.0, 30.5]","28.0 [21.3, 34.5]","41.0 [35.9, 45.9]"
Qwen3.8-27B-FP8,external_ceiling,external_cot,"16.2 [8.2, 25.6]","46.8 [39.2, 54.3]","35.2 [25.6, 45.2]","57.0 [49.4, 64.8]"
Gemma-4-31B-FP8,none,baseline,"0.0 [0.0, 0.0]","0.0 [0.0, 0.0]","0.0 [0.0, 1.5]","0.0 [0.0, 1.5]"
Gemma-4-31B-FP8,none,stacked,"3.5 [1.0, 6.5]","3.5 [1.0, 6.5]","4.8 [2.0, 7.9]","4.8 [2.0, 7.9]"
Gemma-4-31B-FP8,prefill_compliant,baseline,"12.2 [7.6, 17.2]","41.5 [34.5, 49.0]","20.6 [14.6, 27.2]","60.9 [54.4, 67.9]"
Gemma-4-31B-FP8,prefill_compliant,stacked,"48.2 [41.1, 55.4]","76.5 [70.5, 82.0]","59.2 [52.4, 65.9]","88.1 [83.6, 92.2]"
Gemma-4-31B-FP8,prefill_noncompliant,baseline,"0.0 [0.0, 0.0]","0.0 [0.0, 0.0]","0.0 [0.0, 0.0]","0.0 [0.0, 0.0]"
Gemma-4-31B-FP8,prefill_noncompliant,stacked,"3.0 [1.0, 5.5]","3.0 [1.0, 5.5]","3.0 [1.0, 5.5]","3.0 [1.0, 5.5]"
Gemma-4-31B-FP8,prefill_no_rule,no_constraint,"0.0 [0.0, 0.0]","0.0 [0.0, 0.0]","0.5 [0.0, 1.5]","0.5 [0.0, 1.5]"
Gemma-4-31B-FP8,external_ceiling,external_cot,"43.0 [34.5, 54.6]","76.4 [70.1, 82.9]","48.2 [42.5, 56.6]","88.0 [82.6, 92.9]"
Gemma-4-12B,none,baseline,"0.0 [0.0, 0.0]","0.0 [0.0, 0.0]","0.0 [0.0, 0.0]","0.0 [0.0, 0.0]"
Gemma-4-12B,none,stacked,"0.8 [0.0, 2.5]","1.5 [0.0, 3.5]","1.5 [0.0, 3.5]","1.5 [0.0, 3.5]"
Gemma-4-12B,prefill_compliant,baseline,"0.5 [0.0, 1.5]","7.5 [4.5, 11.0]","0.9 [0.0, 2.9]","9.6 [6.1, 13.3]"
Gemma-4-12B,prefill_compliant,stacked,"17.9 [11.8, 24.4]","54.0 [47.0, 61.0]","34.5 [25.0, 43.7]","80.9 [75.2, 86.3]"
Gemma-4-12B,prefill_noncompliant,baseline,"0.0 [0.0, 0.0]","0.0 [0.0, 0.0]","0.0 [0.0, 0.0]","0.0 [0.0, 0.0]"
Gemma-4-12B,prefill_noncompliant,stacked,"0.5 [0.0, 1.5]","0.5 [0.0, 1.5]","1.0 [0.0, 2.5]","1.0 [0.0, 2.5]"
Gemma-4-12B,prefill_no_rule,no_constraint,"0.0 [0.0, 0.0]","0.0 [0.0, 0.0]","0.0 [0.0, 0.0]","0.0 [0.0, 0.0]"
Gemma-4-12B,external_ceiling,external_cot,"15.5 [8.1, 45.8]","51.1 [43.3, 58.8]","17.7 [7.9, 47.6]","56.5 [48.7, 64.3]"
Qwen3.5-9B,none,baseline,"0.0 [0.0, 0.0]","0.0 [0.0, 0.0]","0.0 [0.0, 0.0]","0.0 [0.0, 0.0]"
Qwen3.5-9B,none,stacked,"0.0 [0.0, 0.0]","0.0 [0.0, 0.0]","0.0 [0.0, 0.0]","0.0 [0.0, 0.0]"
Qwen3.5-9B,prefill_compliant,baseline,"9.6 [5.8, 13.7]","30.0 [25.0, 34.5]","19.5 [14.1, 24.9]","41.2 [36.9, 45.5]"
Qwen3.5-9B,prefill_compliant,stacked,"15.2 [10.2, 20.4]","41.5 [36.0, 47.0]","27.0 [20.4, 33.7]","53.5 [48.8, 58.2]"
Qwen3.5-9B,prefill_noncompliant,baseline,"0.0 [0.0, 0.0]","0.0 [0.0, 0.0]","0.0 [0.0, 0.0]","0.0 [0.0, 0.0]"
Qwen3.5-9B,prefill_noncompliant,stacked,"0.0 [0.0, 0.0]","0.0 [0.0, 0.0]","0.0 [0.0, 0.0]","0.0 [0.0, 0.0]"
Qwen3.5-9B,prefill_no_rule,no_constraint,"11.0 [7.0, 15.0]","18.5 [13.5, 23.5]","21.1 [15.8, 26.6]","28.2 [23.3, 33.1]"
Qwen3.5-9B,external_ceiling,external_cot,"0.0 [0.0, 8.9]","19.9 [14.2, 25.9]","3.2 [0.0, 9.4]","28.1 [21.3, 35.0]"
