model,condition,prompt,n,violated_lt50_%,violated_%,first_violation_in_restatement_%
Gemma-4-12B,none,baseline,100,18.0,96.0,19.791666666666664
Gemma-4-12B,none,stacked,100,19.0,91.0,12.087912087912088
Gemma-4-12B,prefill_compliant,baseline,100,13.0,93.0,18.27956989247312
Gemma-4-12B,prefill_compliant,stacked,100,6.0,84.0,14.285714285714285
Gemma-4-12B,prefill_no_rule,no_constraint,100,40.0,100.0,17.0
Gemma-4-31B-FP8,none,baseline,100,9.0,83.0,9.63855421686747
Gemma-4-31B-FP8,none,stacked,100,5.0,41.0,17.073170731707318
Gemma-4-31B-FP8,prefill_compliant,baseline,100,6.0,76.0,9.210526315789473
Gemma-4-31B-FP8,prefill_compliant,stacked,100,2.0,28.999999999999996,13.793103448275861
Gemma-4-31B-FP8,prefill_no_rule,no_constraint,100,42.0,100.0,17.0
Qwen3-32B,none,baseline,100,23.0,92.0,4.3478260869565215
Qwen3-32B,none,stacked,100,19.0,90.0,11.11111111111111
Qwen3-32B,prefill_compliant,baseline,100,26.0,91.0,6.593406593406594
Qwen3-32B,prefill_compliant,stacked,100,25.0,87.0,9.195402298850574
Qwen3-32B,prefill_no_rule,no_constraint,100,51.0,100.0,17.0
Qwen3.5-9B,none,baseline,100,35.0,100.0,20.0
Qwen3.5-9B,none,stacked,100,53.0,100.0,3.0
Qwen3.5-9B,prefill_compliant,baseline,100,42.0,100.0,15.0
Qwen3.5-9B,prefill_compliant,stacked,100,43.0,97.0,14.432989690721648
Qwen3.5-9B,prefill_no_rule,no_constraint,100,50.0,100.0,16.0
Qwen3.6-27B-FP8,none,baseline,100,28.000000000000004,100.0,22.0
Qwen3.6-27B-FP8,none,stacked,100,31.0,100.0,30.0
Qwen3.6-27B-FP8,prefill_compliant,baseline,100,22.0,93.0,13.978494623655912
Qwen3.6-27B-FP8,prefill_compliant,stacked,100,16.0,80.0,20.0
Qwen3.6-27B-FP8,prefill_no_rule,no_constraint,100,48.0,100.0,18.0
Qwen3.8-27B-FP8,none,baseline,100,38.0,97.0,24.742268041237114
Qwen3.8-27B-FP8,none,stacked,100,32.0,89.0,31.46067415730337
Qwen3.8-27B-FP8,prefill_compliant,baseline,100,23.0,87.0,20.689655172413794
Qwen3.8-27B-FP8,prefill_compliant,stacked,100,31.0,82.0,24.390243902439025
Qwen3.8-27B-FP8,prefill_no_rule,no_constraint,100,52.0,100.0,21.0
