unix_time	job	seconds_since_start	rows_done	tokens_generated
1791139326	gpu0.lane0.0_Qwen3.8-27B-FP8	90	0	0
1791139356	gpu0.lane0.0_Qwen3.8-27B-FP8	120	0	0
1791139386	gpu0.lane0.0_Qwen3.8-27B-FP8	150	8	512
1791139416	gpu0.lane0.0_Qwen3.8-27B-FP8	180	54	6224
1791139446	gpu0.lane0.0_Qwen3.8-27B-FP8	210	88	11792
1791139476	gpu0.lane0.0_Qwen3.8-27B-FP8	240	96	13040
1791139476	gpu0.lane1.0_Qwen3.6-27B-FP8	150	0	0
1791139506	gpu0.lane0.0_Qwen3.8-27B-FP8	270	109	15520
1791139506	gpu0.lane1.0_Qwen3.6-27B-FP8	180	0	0
1791139536	gpu0.lane0.0_Qwen3.8-27B-FP8	300	125	19939
1791139536	gpu0.lane1.0_Qwen3.6-27B-FP8	210	11	704
1791139566	gpu0.lane0.0_Qwen3.8-27B-FP8	330	136	21731
1791139566	gpu0.lane1.0_Qwen3.6-27B-FP8	240	19	1216
1791139596	gpu0.lane0.0_Qwen3.8-27B-FP8	360	147	23929
1791139596	gpu0.lane1.0_Qwen3.6-27B-FP8	270	31	2880
1791139626	gpu0.lane0.0_Qwen3.8-27B-FP8	390	161	26265
1791139626	gpu0.lane1.0_Qwen3.6-27B-FP8	300	38	4000
1791139656	gpu0.lane0.0_Qwen3.8-27B-FP8	420	164	26905
1791139656	gpu0.lane1.0_Qwen3.6-27B-FP8	330	43	4800
1791139686	gpu0.lane0.0_Qwen3.8-27B-FP8	450	167	27161
1791139686	gpu0.lane1.0_Qwen3.6-27B-FP8	360	53	7136
1791139716	gpu0.lane0.0_Qwen3.8-27B-FP8	480	171	28551
1791139716	gpu0.lane1.0_Qwen3.6-27B-FP8	390	59	8624
1791139746	gpu0.lane0.0_Qwen3.8-27B-FP8	510	177	30198
1791139746	gpu0.lane1.0_Qwen3.6-27B-FP8	420	64	10189
1791139776	gpu0.lane0.0_Qwen3.8-27B-FP8	540	180	31149
1791139776	gpu0.lane1.0_Qwen3.6-27B-FP8	450	71	12401
1791139806	gpu0.lane0.0_Qwen3.8-27B-FP8	570	182	31341
1791139806	gpu0.lane1.0_Qwen3.6-27B-FP8	480	79	14532
1791139836	gpu0.lane0.0_Qwen3.8-27B-FP8	600	185	32758
1791139836	gpu0.lane1.0_Qwen3.6-27B-FP8	510	81	14884
1791139866	gpu0.lane0.0_Qwen3.8-27B-FP8	630	188	35441
1791139866	gpu0.lane1.0_Qwen3.6-27B-FP8	540	85	16900
1791139896	gpu0.lane0.0_Qwen3.8-27B-FP8	660	192	37585
1791139896	gpu0.lane1.0_Qwen3.6-27B-FP8	570	91	18270
1791139926	gpu0.lane0.0_Qwen3.8-27B-FP8	690	195	38786
1791139926	gpu0.lane1.0_Qwen3.6-27B-FP8	600	95	19841
1791139956	gpu0.lane0.0_Qwen3.8-27B-FP8	720	198	40154
1791139956	gpu0.lane1.0_Qwen3.6-27B-FP8	630	101	21740
1791139986	gpu0.lane0.0_Qwen3.8-27B-FP8	750	203	44902
1791139986	gpu0.lane1.0_Qwen3.6-27B-FP8	660	106	23860
1791140016	gpu0.lane0.0_Qwen3.8-27B-FP8	780	207	47587
1791140016	gpu0.lane1.0_Qwen3.6-27B-FP8	690	115	26678
1791140046	gpu0.lane0.0_Qwen3.8-27B-FP8	810	209	49704
1791140046	gpu0.lane1.0_Qwen3.6-27B-FP8	720	125	29993
1791140076	gpu0.lane0.0_Qwen3.8-27B-FP8	840	215	54794
1791140076	gpu0.lane1.0_Qwen3.6-27B-FP8	750	144	32341
1791140106	gpu0.lane0.0_Qwen3.8-27B-FP8	870	217	56651
1791140106	gpu0.lane1.0_Qwen3.6-27B-FP8	780	153	35296
1791140136	gpu0.lane0.0_Qwen3.8-27B-FP8	900	222	59816
1791140136	gpu0.lane1.0_Qwen3.6-27B-FP8	810	161	37165
