model,dose,condition,mode,n,S_t_star,ci_lo,ci_hi,S_short,first_violation_lt5
Qwen3-32B,d0,none,lowercase_thinking,100,2.3999999999999995,0.0,7.000000000000001,5.999999999999998,88.0
Qwen3-32B,d0,none,uppercase_thinking,100,0.0,0.0,0.0,0.0,100.0
Qwen3-32B,d0,none,meow_between_words,100,7.999999999999997,3.0,13.000000000000004,10.999999999999998,76.0
Qwen3-32B,d0,none,end_of_sentence,100,0.0,0.0,0.0,0.0,0.0
Qwen3-32B,generic,prefill_compliant,lowercase_thinking,100,27.657029220779194,18.205082382451305,37.70134212190312,45.99999999999998,20.0
Qwen3-32B,generic,prefill_compliant,uppercase_thinking,100,49.188434216674935,39.42971082081807,59.436353325936174,72.99999999999997,2.0
Qwen3-32B,generic,prefill_compliant,meow_between_words,100,66.67786114358778,56.677986372814594,75.52008082429452,93.0,0.0
Qwen3-32B,generic,prefill_compliant,end_of_sentence,100,0.0,0.0,0.0,0.0,0.0
Qwen3-32B,generic,prefill_no_rule,lowercase_thinking,100,0.0,0.0,0.0,0.0,100.0
Qwen3-32B,generic,prefill_no_rule,uppercase_thinking,100,21.76881941587823,13.330882352941176,30.827103896103885,30.99999999999999,35.0
Qwen3-32B,generic,prefill_no_rule,meow_between_words,100,11.0,5.0,17.999999999999996,16.0,69.0
Qwen3-32B,generic,prefill_no_rule,end_of_sentence,100,0.0,0.0,0.0,0.0,0.0
Qwen3-32B,d1,prefill_compliant,lowercase_thinking,100,23.380364147298152,14.157744054429564,32.662079631286,40.99999999999997,32.0
Qwen3-32B,d1,prefill_compliant,uppercase_thinking,100,38.967881944444414,28.86760640334091,49.2227324834188,69.99999999999997,0.0
Qwen3-32B,d1,prefill_compliant,meow_between_words,100,77.7834128188791,69.21922820592253,86.05797455695723,94.0,1.0
Qwen3-32B,d1,prefill_compliant,end_of_sentence,100,0.0,0.0,2.999999999999999,2.0,0.0
Qwen3-32B,d1,prefill_no_rule,lowercase_thinking,100,0.0,0.0,0.0,2.999999999999999,92.0
Qwen3-32B,d1,prefill_no_rule,uppercase_thinking,100,3.4999999999999996,0.0,7.636363636363636,9.0,76.0
Qwen3-32B,d1,prefill_no_rule,meow_between_words,100,9.75,4.000000000000002,15.937500000000002,16.000000000000004,75.0
Qwen3-32B,d1,prefill_no_rule,end_of_sentence,100,0.0,0.0,0.0,0.0,0.0
Qwen3-32B,d2,prefill_compliant,lowercase_thinking,100,30.33586101980901,20.13844160908222,40.29026608160767,74.90873819163292,2.0
Qwen3-32B,d2,prefill_compliant,uppercase_thinking,100,42.03903564080235,32.06919820365943,52.13975621964448,76.99999999999999,0.0
Qwen3-32B,d2,prefill_compliant,meow_between_words,100,77.70138886317233,68.78261499578232,85.69949288172234,90.99999999999999,0.0
Qwen3-32B,d2,prefill_compliant,end_of_sentence,100,0.0,0.0,8.449949353280342,26.999999999999975,1.0
Qwen3-32B,d2,prefill_no_rule,lowercase_thinking,100,9.04761904761904,3.1994444444444445,15.812952302631574,34.99999999999997,17.0
Qwen3-32B,d2,prefill_no_rule,uppercase_thinking,100,32.70553648288582,23.363867306922938,42.726099133620934,53.99999999999997,7.000000000000001
Qwen3-32B,d2,prefill_no_rule,meow_between_words,100,52.81027002272262,42.56882825549324,62.82437370063722,82.99999999999999,3.0
Qwen3-32B,d2,prefill_no_rule,end_of_sentence,100,0.0,0.0,0.0,1.0000000000000004,0.0
Qwen3-32B,d3,prefill_compliant,lowercase_thinking,100,46.379005733227125,34.94661575173678,58.03986369286446,80.74017281246195,0.0
Qwen3-32B,d3,prefill_compliant,uppercase_thinking,100,53.137713712416726,42.00144444181888,63.46954702597819,80.96385542168673,0.0
Qwen3-32B,d3,prefill_compliant,meow_between_words,100,78.2224483289461,68.85451203255616,86.92420689434469,97.98979591836734,0.0
Qwen3-32B,d3,prefill_compliant,end_of_sentence,100,6.43129717309084,0.0,14.581934238405594,49.618892089052,0.0
Qwen3-32B,d3,prefill_no_rule,lowercase_thinking,100,11.44483912952936,4.608253705800037,18.783132067974798,53.94642857142854,3.0
Qwen3-32B,d3,prefill_no_rule,uppercase_thinking,100,38.35013095970669,27.299235988470283,48.57815134039658,68.99999999999997,0.0
Qwen3-32B,d3,prefill_no_rule,meow_between_words,100,65.72500419036332,55.558170935586006,75.42595063413165,85.99999999999999,1.0
Qwen3-32B,d3,prefill_no_rule,end_of_sentence,100,0.0,0.0,0.0,9.899999999999995,1.0
Qwen3.6-27B-FP8,d0,none,lowercase_thinking,100,0.0,0.0,0.0,1.000000000000001,97.0
Qwen3.6-27B-FP8,d0,none,uppercase_thinking,100,2.6666666666666665,0.0,6.0,9.999999999999998,76.0
Qwen3.6-27B-FP8,d0,none,meow_between_words,100,0.0,0.0,0.0,0.0,100.0
Qwen3.6-27B-FP8,d0,none,end_of_sentence,100,0.0,0.0,0.0,0.0,0.0
Qwen3.6-27B-FP8,generic,prefill_compliant,lowercase_thinking,100,44.74051146109464,35.59484099672092,53.730744678665886,60.0,25.0
Qwen3.6-27B-FP8,generic,prefill_compliant,uppercase_thinking,100,34.10241305986111,25.450081073653557,43.264653140096584,60.999999999999964,0.0
Qwen3.6-27B-FP8,generic,prefill_compliant,meow_between_words,100,57.962391534889775,47.907759237991925,67.92574747488494,93.0,1.0
Qwen3.6-27B-FP8,generic,prefill_compliant,end_of_sentence,100,19.903863437076595,9.753774391098275,30.57325544813081,75.96153846153845,0.0
Qwen3.6-27B-FP8,generic,prefill_no_rule,lowercase_thinking,100,4.799999999999999,1.0000000000000002,9.750694444444441,7.999999999999997,88.0
Qwen3.6-27B-FP8,generic,prefill_no_rule,uppercase_thinking,100,18.278195488721803,11.382606547619051,25.376608090185655,31.99999999999999,51.0
Qwen3.6-27B-FP8,generic,prefill_no_rule,meow_between_words,100,34.9444444444444,25.99999999999999,43.999999999999986,55.99999999999996,12.0
Qwen3.6-27B-FP8,generic,prefill_no_rule,end_of_sentence,100,0.0,0.0,0.0,0.0,19.0
Qwen3.6-27B-FP8,d1,prefill_compliant,lowercase_thinking,100,24.685714285714273,16.72989130434783,32.99999999999999,45.999999999999986,42.0
Qwen3.6-27B-FP8,d1,prefill_compliant,uppercase_thinking,100,14.279999999999987,7.856714285714286,21.41221439280359,35.99999999999998,24.0
Qwen3.6-27B-FP8,d1,prefill_compliant,meow_between_words,100,26.646990740740723,18.26837662337663,35.4593542934415,43.99999999999997,3.0
Qwen3.6-27B-FP8,d1,prefill_compliant,end_of_sentence,100,2.999999999999998,0.0,6.999999999999998,20.99999999999998,20.0
Qwen3.6-27B-FP8,d1,prefill_no_rule,lowercase_thinking,100,3.0000000000000004,0.0,6.999999999999999,6.999999999999999,84.0
Qwen3.6-27B-FP8,d1,prefill_no_rule,uppercase_thinking,100,8.249999999999998,3.0000000000000004,13.848214285714278,21.99999999999999,49.0
Qwen3.6-27B-FP8,d1,prefill_no_rule,meow_between_words,100,2.000000000000001,0.0,5.0,12.000000000000002,38.0
Qwen3.6-27B-FP8,d1,prefill_no_rule,end_of_sentence,100,0.0,0.0,0.0,2.000000000000001,43.0
Qwen3.6-27B-FP8,d2,prefill_compliant,lowercase_thinking,100,26.742857142857112,18.3586923076923,35.00705128205124,64.99999999999997,3.0
Qwen3.6-27B-FP8,d2,prefill_compliant,uppercase_thinking,100,18.409090909090892,11.509531249999997,25.715109126984114,60.99999999999998,0.0
Qwen3.6-27B-FP8,d2,prefill_compliant,meow_between_words,100,21.999999999999982,14.999999999999988,29.999999999999982,57.99999999999997,2.0
Qwen3.6-27B-FP8,d2,prefill_compliant,end_of_sentence,100,3.9999999999999996,0.9999999999999993,7.999999999999999,34.99999999999998,1.0
Qwen3.6-27B-FP8,d2,prefill_no_rule,lowercase_thinking,100,7.999999999999997,2.9999999999999996,12.999999999999998,36.999999999999986,10.0
Qwen3.6-27B-FP8,d2,prefill_no_rule,uppercase_thinking,100,16.255936576792173,8.685293836598182,24.117620890139253,43.999999999999964,4.0
Qwen3.6-27B-FP8,d2,prefill_no_rule,meow_between_words,100,8.999999999999996,3.9999999999999982,15.0,47.99999999999998,2.0
Qwen3.6-27B-FP8,d2,prefill_no_rule,end_of_sentence,100,0.0,0.0,0.0,4.999999999999999,8.0
Qwen3.6-27B-FP8,d3,prefill_compliant,lowercase_thinking,100,26.999999999999964,18.999999999999993,34.99999999999999,77.99999999999999,1.0
Qwen3.6-27B-FP8,d3,prefill_compliant,uppercase_thinking,100,20.718005797101448,13.488727858293071,28.381695980304116,60.857142857142854,2.0
Qwen3.6-27B-FP8,d3,prefill_compliant,meow_between_words,100,26.729999999999965,18.640131578947365,35.64089189189185,59.999999999999964,1.0
Qwen3.6-27B-FP8,d3,prefill_compliant,end_of_sentence,100,7.9999999999999964,2.9999999999999996,13.999999999999993,45.999999999999964,4.0
Qwen3.6-27B-FP8,d3,prefill_no_rule,lowercase_thinking,100,12.870967741935488,6.748828125000002,19.604180194805178,50.806451612903224,8.0
Qwen3.6-27B-FP8,d3,prefill_no_rule,uppercase_thinking,100,13.313620071684573,6.190721407402062,21.04033097314494,56.86153846153843,2.0
Qwen3.6-27B-FP8,d3,prefill_no_rule,meow_between_words,100,9.661082474226808,4.631534154535275,15.874800929300276,53.546391752577335,1.0
Qwen3.6-27B-FP8,d3,prefill_no_rule,end_of_sentence,100,0.0,0.0,0.0,15.999999999999986,3.0
Qwen3.8-27B-FP8,d0,none,lowercase_thinking,100,0.0,0.0,0.0,2.0000000000000018,98.0
Qwen3.8-27B-FP8,d0,none,uppercase_thinking,100,0.0,0.0,0.0,0.0,97.0
Qwen3.8-27B-FP8,d0,none,meow_between_words,100,0.0,0.0,0.0,0.0,100.0
Qwen3.8-27B-FP8,d0,none,end_of_sentence,100,0.0,0.0,0.0,0.9999999999999997,0.0
Qwen3.8-27B-FP8,generic,prefill_compliant,lowercase_thinking,100,53.14859780574144,42.85816010331944,63.22156956499592,76.99999999999999,2.0
Qwen3.8-27B-FP8,generic,prefill_compliant,uppercase_thinking,100,27.50640774893787,18.006074547146227,37.06933732557886,55.99999999999996,1.0
Qwen3.8-27B-FP8,generic,prefill_compliant,meow_between_words,100,14.609374999999991,8.037560958778062,22.080043422733063,50.999999999999964,5.0
Qwen3.8-27B-FP8,generic,prefill_compliant,end_of_sentence,100,1.5584415584415579,0.0,5.200909090909084,10.909090909090903,0.0
Qwen3.8-27B-FP8,generic,prefill_no_rule,lowercase_thinking,100,2.9999999999999987,0.0,6.999999999999998,3.9999999999999982,93.0
Qwen3.8-27B-FP8,generic,prefill_no_rule,uppercase_thinking,100,23.787337875570902,15.403573550420171,33.03827590023613,45.999999999999964,1.0
Qwen3.8-27B-FP8,generic,prefill_no_rule,meow_between_words,100,3.030303030303031,0.0,6.122448979591838,14.141414141414144,36.0
Qwen3.8-27B-FP8,generic,prefill_no_rule,end_of_sentence,100,0.0,0.0,0.0,0.0,0.0
Qwen3.8-27B-FP8,d1,prefill_compliant,lowercase_thinking,100,32.18779992496444,21.152523066879592,43.95681923017133,60.889785624211854,19.0
Qwen3.8-27B-FP8,d1,prefill_compliant,uppercase_thinking,100,31.22439313326457,22.254048792902246,40.8050607379782,58.59793814432993,1.0
Qwen3.8-27B-FP8,d1,prefill_compliant,meow_between_words,100,18.156848094471286,10.346809794539826,26.256541113360832,41.63492063492063,38.0
Qwen3.8-27B-FP8,d1,prefill_compliant,end_of_sentence,100,5.3937091764705904,0.0,12.369586426213406,36.89999999999998,0.0
Qwen3.8-27B-FP8,d1,prefill_no_rule,lowercase_thinking,100,0.0,0.0,6.133535353535354,14.66666666666667,77.0
Qwen3.8-27B-FP8,d1,prefill_no_rule,uppercase_thinking,100,7.061764705882358,1.8467559523809542,13.09332600653753,18.37500000000001,43.0
Qwen3.8-27B-FP8,d1,prefill_no_rule,meow_between_words,100,14.862055933484502,7.798580010415115,22.486909345981932,28.57142857142857,47.0
Qwen3.8-27B-FP8,d1,prefill_no_rule,end_of_sentence,100,0.0,0.0,0.0,1.9999999999999998,1.0
Qwen3.8-27B-FP8,d2,prefill_compliant,lowercase_thinking,100,46.48954163635951,35.020356944105345,58.51664943417083,74.15365540349539,0.0
Qwen3.8-27B-FP8,d2,prefill_compliant,uppercase_thinking,100,39.80084400946122,28.92730579318933,50.153835094130514,72.12765705376543,0.0
Qwen3.8-27B-FP8,d2,prefill_compliant,meow_between_words,100,28.74785990226923,19.14837426491978,38.65986121616927,64.88207122751231,2.0
Qwen3.8-27B-FP8,d2,prefill_compliant,end_of_sentence,100,8.368445042921417,2.7884031690013362,15.03680314664252,53.39734491107959,1.0
Qwen3.8-27B-FP8,d2,prefill_no_rule,lowercase_thinking,100,34.580423028115476,23.801872264371088,45.101010314251525,61.19287309226502,3.0
Qwen3.8-27B-FP8,d2,prefill_no_rule,uppercase_thinking,100,36.439189768688834,26.525734318448745,46.200181711170295,67.02114230523325,0.0
Qwen3.8-27B-FP8,d2,prefill_no_rule,meow_between_words,100,20.465516952478293,11.891265520623406,29.37006228347437,57.46416914999293,5.0
Qwen3.8-27B-FP8,d2,prefill_no_rule,end_of_sentence,100,0.0,0.0,2.061855670103094,14.141414141414135,2.0
Qwen3.8-27B-FP8,d3,prefill_compliant,lowercase_thinking,100,45.82967806209902,33.21469660801428,58.268568479071206,79.20613223199915,1.0
Qwen3.8-27B-FP8,d3,prefill_compliant,uppercase_thinking,100,39.42551908691884,28.2044607419923,51.0484792991165,77.25954582898922,1.0
Qwen3.8-27B-FP8,d3,prefill_compliant,meow_between_words,100,34.2712949219372,23.693919062471107,44.37854109234341,80.87399288432881,2.0
Qwen3.8-27B-FP8,d3,prefill_compliant,end_of_sentence,100,8.41221978871818,0.0,17.79048015754276,61.82792717501542,0.0
Qwen3.8-27B-FP8,d3,prefill_no_rule,lowercase_thinking,100,28.462031725888572,18.97690797585433,38.57782082760165,64.49029653203682,1.0
Qwen3.8-27B-FP8,d3,prefill_no_rule,uppercase_thinking,100,34.17154562121186,23.952165937317478,44.208810848778306,69.52680467094135,0.0
Qwen3.8-27B-FP8,d3,prefill_no_rule,meow_between_words,100,21.63895820300035,13.615388244481377,30.91944417409543,58.0503332429987,5.0
Qwen3.8-27B-FP8,d3,prefill_no_rule,end_of_sentence,100,0.0,0.0,0.0,30.776583034647565,4.0
Gemma-4-31B-FP8,d0,none,lowercase_thinking,100,0.0,0.0,0.0,0.0,99.0
Gemma-4-31B-FP8,d0,none,uppercase_thinking,100,0.0,0.0,0.0,0.0,96.0
Gemma-4-31B-FP8,d0,none,meow_between_words,100,0.0,0.0,0.0,0.0,39.0
Gemma-4-31B-FP8,d0,none,end_of_sentence,100,1.0,0.0,3.0000000000000004,2.0,1.0
Gemma-4-31B-FP8,generic,prefill_compliant,lowercase_thinking,100,21.135962198895854,12.829666455978069,29.590884521188244,42.999999999999986,35.0
Gemma-4-31B-FP8,generic,prefill_compliant,uppercase_thinking,100,3.253362022592791,0.0,7.994502575223632,39.999999999999964,9.0
Gemma-4-31B-FP8,generic,prefill_compliant,meow_between_words,100,1.25,0.0,3.9999999999999996,27.999999999999986,1.0
Gemma-4-31B-FP8,generic,prefill_compliant,end_of_sentence,100,13.062287118946733,6.027435034074605,20.107373881226216,66.99999999999999,0.0
Gemma-4-31B-FP8,generic,prefill_no_rule,lowercase_thinking,100,0.0,0.0,0.0,0.0,98.0
Gemma-4-31B-FP8,generic,prefill_no_rule,uppercase_thinking,100,0.0,0.0,0.0,0.0,97.0
Gemma-4-31B-FP8,generic,prefill_no_rule,meow_between_words,100,0.0,0.0,0.0,0.0,50.0
Gemma-4-31B-FP8,generic,prefill_no_rule,end_of_sentence,100,0.0,0.0,0.0,1.0,0.0
Gemma-4-31B-FP8,d1,prefill_compliant,lowercase_thinking,100,10.251428571428571,4.276775623366534,17.105409356725136,24.999999999999993,17.0
Gemma-4-31B-FP8,d1,prefill_compliant,uppercase_thinking,100,0.0,0.0,5.455324675324669,18.999999999999993,10.0
Gemma-4-31B-FP8,d1,prefill_compliant,meow_between_words,100,0.0,0.0,0.0,23.99999999999998,3.0
Gemma-4-31B-FP8,d1,prefill_compliant,end_of_sentence,100,5.931350114416472,1.3388888888888892,11.915704332707591,53.99999999999996,2.0
Gemma-4-31B-FP8,d1,prefill_no_rule,lowercase_thinking,100,0.0,0.0,0.0,2.0,60.0
Gemma-4-31B-FP8,d1,prefill_no_rule,uppercase_thinking,100,0.0,0.0,0.0,2.000000000000001,43.0
Gemma-4-31B-FP8,d1,prefill_no_rule,meow_between_words,100,0.0,0.0,0.0,3.0,27.0
Gemma-4-31B-FP8,d1,prefill_no_rule,end_of_sentence,100,0.0,0.0,0.0,3.9999999999999996,1.0
Gemma-4-31B-FP8,d2,prefill_compliant,lowercase_thinking,100,11.476132081600817,4.7349948089700975,18.959512229620916,39.99999999999995,16.0
Gemma-4-31B-FP8,d2,prefill_compliant,uppercase_thinking,100,2.5740551583248235,0.0,7.65109942959742,32.359550561797775,10.0
Gemma-4-31B-FP8,d2,prefill_compliant,meow_between_words,100,0.0,0.0,4.0888888888888895,23.264367816091955,2.0
Gemma-4-31B-FP8,d2,prefill_compliant,end_of_sentence,100,12.552457166682718,5.869125465054731,19.44620035720611,59.54628249710221,0.0
Gemma-4-31B-FP8,d2,prefill_no_rule,lowercase_thinking,100,0.0,0.0,0.0,2.0,47.0
Gemma-4-31B-FP8,d2,prefill_no_rule,uppercase_thinking,100,0.0,0.0,0.0,3.9999999999999987,37.0
Gemma-4-31B-FP8,d2,prefill_no_rule,meow_between_words,100,0.0,0.0,0.0,9.999999999999993,7.000000000000001
Gemma-4-31B-FP8,d2,prefill_no_rule,end_of_sentence,100,0.0,0.0,0.0,7.999999999999999,2.0
Gemma-4-31B-FP8,d3,prefill_compliant,lowercase_thinking,100,9.837499588024563,3.9166853259294565,17.066482615244624,56.577697568389105,5.0
Gemma-4-31B-FP8,d3,prefill_compliant,uppercase_thinking,100,2.5639911832697213,0.0,8.157268569125508,36.4044943820225,9.0
Gemma-4-31B-FP8,d3,prefill_compliant,meow_between_words,100,0.0,0.0,0.0,29.20747028862481,2.0
Gemma-4-31B-FP8,d3,prefill_compliant,end_of_sentence,100,3.7624534704353043,0.0,8.221162006573795,58.435097241067425,0.0
Gemma-4-31B-FP8,d3,prefill_no_rule,lowercase_thinking,100,0.0,0.0,0.0,7.999999999999997,43.0
Gemma-4-31B-FP8,d3,prefill_no_rule,uppercase_thinking,100,0.0,0.0,0.0,11.999999999999995,31.0
Gemma-4-31B-FP8,d3,prefill_no_rule,meow_between_words,100,1.084656084656086,0.0,3.50501818783069,26.320987654321005,4.0
Gemma-4-31B-FP8,d3,prefill_no_rule,end_of_sentence,100,0.0,0.0,0.0,17.999999999999986,0.0
Qwen3.5-9B,d0,none,lowercase_thinking,100,0.0,0.0,0.0,0.0,100.0
Qwen3.5-9B,d0,none,uppercase_thinking,100,0.0,0.0,0.0,0.0,100.0
Qwen3.5-9B,d0,none,meow_between_words,100,0.0,0.0,0.0,0.0,100.0
Qwen3.5-9B,d0,none,end_of_sentence,100,0.0,0.0,0.0,0.0,0.0
Qwen3.5-9B,generic,prefill_compliant,lowercase_thinking,100,0.0,0.0,0.0,3.0000000000000004,88.0
Qwen3.5-9B,generic,prefill_compliant,uppercase_thinking,100,19.179011777695976,11.600590202636237,27.481633899666434,56.999999999999986,11.0
Qwen3.5-9B,generic,prefill_compliant,meow_between_words,100,8.234965034965027,3.183759590792839,14.51995341614905,54.99999999999996,2.0
Qwen3.5-9B,generic,prefill_compliant,end_of_sentence,100,0.0,0.0,0.0,3.9999999999999996,0.0
Qwen3.5-9B,generic,prefill_no_rule,lowercase_thinking,100,0.0,0.0,0.0,0.0,100.0
Qwen3.5-9B,generic,prefill_no_rule,uppercase_thinking,100,21.954545454545443,13.999999999999998,29.999999999999993,36.99999999999998,24.0
Qwen3.5-9B,generic,prefill_no_rule,meow_between_words,100,4.000000000000001,0.9999999999999999,8.000000000000004,16.000000000000004,19.0
Qwen3.5-9B,generic,prefill_no_rule,end_of_sentence,100,0.0,0.0,0.0,0.0,2.0
Qwen3.5-9B,d1,prefill_compliant,lowercase_thinking,100,0.0,0.0,0.0,1.0000000000000004,94.0
Qwen3.5-9B,d1,prefill_compliant,uppercase_thinking,100,1.0000000000000004,0.0,3.0000000000000004,10.0,4.0
Qwen3.5-9B,d1,prefill_compliant,meow_between_words,100,11.989984265311067,6.101717959072756,19.09721624850657,40.344494047619065,5.0
Qwen3.5-9B,d1,prefill_compliant,end_of_sentence,100,0.0,0.0,0.0,0.0,33.0
Qwen3.5-9B,d1,prefill_no_rule,lowercase_thinking,100,0.0,0.0,0.0,0.0,99.0
Qwen3.5-9B,d1,prefill_no_rule,uppercase_thinking,100,0.0,0.0,0.0,0.0,60.0
Qwen3.5-9B,d1,prefill_no_rule,meow_between_words,100,2.0689655172413794,0.0,5.322849462365591,8.275862068965516,28.000000000000004
Qwen3.5-9B,d1,prefill_no_rule,end_of_sentence,100,0.0,0.0,0.0,0.0,53.0
Qwen3.5-9B,d2,prefill_compliant,lowercase_thinking,100,0.0,0.0,0.0,0.0,41.0
Qwen3.5-9B,d2,prefill_compliant,uppercase_thinking,100,1.0,0.0,3.0000000000000004,7.999999999999997,19.0
Qwen3.5-9B,d2,prefill_compliant,meow_between_words,100,0.0,0.0,0.0,23.99999999999998,2.0
Qwen3.5-9B,d2,prefill_compliant,end_of_sentence,100,0.0,0.0,0.0,10.999999999999995,4.0
Qwen3.5-9B,d2,prefill_no_rule,lowercase_thinking,100,0.0,0.0,0.0,0.0,48.0
Qwen3.5-9B,d2,prefill_no_rule,uppercase_thinking,100,0.0,0.0,0.0,0.0,39.0
Qwen3.5-9B,d2,prefill_no_rule,meow_between_words,100,0.0,0.0,0.0,11.99999999999999,4.0
Qwen3.5-9B,d2,prefill_no_rule,end_of_sentence,100,0.0,0.0,0.0,0.0,6.0
Qwen3.5-9B,d3,prefill_compliant,lowercase_thinking,100,0.0,0.0,0.0,2.9999999999999996,32.0
Qwen3.5-9B,d3,prefill_compliant,uppercase_thinking,100,1.5000000000000002,0.0,4.799999999999998,12.999999999999998,13.0
Qwen3.5-9B,d3,prefill_compliant,meow_between_words,100,1.9999999999999998,0.0,5.0,30.999999999999968,2.0
Qwen3.5-9B,d3,prefill_compliant,end_of_sentence,100,0.0,0.0,0.0,17.999999999999986,3.0
Qwen3.5-9B,d3,prefill_no_rule,lowercase_thinking,100,0.0,0.0,0.0,1.0000000000000004,46.0
Qwen3.5-9B,d3,prefill_no_rule,uppercase_thinking,100,0.0,0.0,0.0,1.0000000000000004,28.000000000000004
Qwen3.5-9B,d3,prefill_no_rule,meow_between_words,100,0.0,0.0,0.0,16.99999999999999,6.0
Qwen3.5-9B,d3,prefill_no_rule,end_of_sentence,100,0.0,0.0,0.0,0.9999999999999997,1.0
Gemma-4-12B,d0,none,lowercase_thinking,100,0.0,0.0,0.0,0.0,99.0
Gemma-4-12B,d0,none,uppercase_thinking,100,0.0,0.0,0.0,0.0,96.0
Gemma-4-12B,d0,none,meow_between_words,100,0.0,0.0,0.0,0.0,28.999999999999996
Gemma-4-12B,d0,none,end_of_sentence,100,0.0,0.0,0.0,0.0,0.0
Gemma-4-12B,generic,prefill_compliant,lowercase_thinking,100,0.0,0.0,0.0,0.0,94.0
Gemma-4-12B,generic,prefill_compliant,uppercase_thinking,100,1.0000000000000004,0.0,3.000000000000001,15.0,57.99999999999999
Gemma-4-12B,generic,prefill_compliant,meow_between_words,100,4.363636363636362,0.9999999999999997,9.000000000000002,34.99999999999998,12.0
Gemma-4-12B,generic,prefill_compliant,end_of_sentence,100,0.0,0.0,0.0,15.999999999999998,0.0
Gemma-4-12B,generic,prefill_no_rule,lowercase_thinking,100,0.0,0.0,0.0,0.0,100.0
Gemma-4-12B,generic,prefill_no_rule,uppercase_thinking,100,0.0,0.0,0.0,0.0,97.0
Gemma-4-12B,generic,prefill_no_rule,meow_between_words,100,0.0,0.0,0.0,0.0,53.0
Gemma-4-12B,generic,prefill_no_rule,end_of_sentence,100,0.0,0.0,0.0,0.0,0.0
Gemma-4-12B,d1,prefill_compliant,lowercase_thinking,100,0.0,0.0,0.0,2.0,45.0
Gemma-4-12B,d1,prefill_compliant,uppercase_thinking,100,0.0,0.0,0.0,5.999999999999998,20.0
Gemma-4-12B,d1,prefill_compliant,meow_between_words,100,3.1153846153846123,0.0,7.194444444444438,43.99999999999996,2.0
Gemma-4-12B,d1,prefill_compliant,end_of_sentence,100,2.9999999999999996,0.0,6.000000000000001,20.999999999999996,1.0
Gemma-4-12B,d1,prefill_no_rule,lowercase_thinking,100,0.0,0.0,0.0,0.0,65.0
Gemma-4-12B,d1,prefill_no_rule,uppercase_thinking,100,0.0,0.0,0.0,1.0,43.0
Gemma-4-12B,d1,prefill_no_rule,meow_between_words,100,2.000000000000001,0.0,5.0,13.0,24.0
Gemma-4-12B,d1,prefill_no_rule,end_of_sentence,100,0.0,0.0,0.0,2.000000000000001,0.0
Gemma-4-12B,d2,prefill_compliant,lowercase_thinking,100,0.0,0.0,0.0,4.999999999999999,36.0
Gemma-4-12B,d2,prefill_compliant,uppercase_thinking,100,0.0,0.0,0.0,13.999999999999993,16.0
Gemma-4-12B,d2,prefill_compliant,meow_between_words,100,4.999999999999998,1.0,9.999999999999996,54.99999999999997,1.0
Gemma-4-12B,d2,prefill_compliant,end_of_sentence,100,0.0,0.0,0.0,28.999999999999964,0.0
Gemma-4-12B,d2,prefill_no_rule,lowercase_thinking,100,0.0,0.0,0.0,2.0,50.0
Gemma-4-12B,d2,prefill_no_rule,uppercase_thinking,100,0.0,0.0,0.0,4.000000000000001,31.0
Gemma-4-12B,d2,prefill_no_rule,meow_between_words,100,6.9999999999999964,2.0,11.999999999999995,47.999999999999964,3.0
Gemma-4-12B,d2,prefill_no_rule,end_of_sentence,100,0.0,0.0,0.0,2.9999999999999996,0.0
Gemma-4-12B,d3,prefill_compliant,lowercase_thinking,100,0.0,0.0,0.0,3.9999999999999996,34.0
Gemma-4-12B,d3,prefill_compliant,uppercase_thinking,100,0.0,0.0,0.0,17.99999999999999,13.0
Gemma-4-12B,d3,prefill_compliant,meow_between_words,100,1.1666666666666663,0.0,4.0049999999999715,46.999999999999964,2.0
Gemma-4-12B,d3,prefill_compliant,end_of_sentence,100,0.0,0.0,0.0,36.99999999999996,0.0
Gemma-4-12B,d3,prefill_no_rule,lowercase_thinking,100,0.0,0.0,0.0,1.0000000000000007,50.0
Gemma-4-12B,d3,prefill_no_rule,uppercase_thinking,100,0.0,0.0,0.0,2.0,33.0
Gemma-4-12B,d3,prefill_no_rule,meow_between_words,100,2.999999999999999,0.0,6.999999999999994,42.99999999999996,2.0
Gemma-4-12B,d3,prefill_no_rule,end_of_sentence,100,0.9999999999999999,0.0,3.0000000000000004,6.9999999999999964,0.0
