eval,item,prompt,intermediates,readout_token,model_top_tokens
multihop,rhyme-door-doubled,Fact: Take the number whose name rhymes with the word door. Doubling it gives the number ,"[""four""]", ,"[""8"", ""1"", ""2"", ""4"", ""6""]"
multihop,etym-wargod-month,Fact: The month named after the Roman god of war is month number ,"[""March""]", ,"[""3"", ""4"", ""2"", ""6"", ""0""]"
multihop,chem-atmosphere-Z,Fact: The atomic number of the gas that makes up about 78 percent of the atmosphere is ,"[""nitrogen""]", ,"[""7"", ""2"", ""6"", ""8"", ""0""]"
multihop,chem-bones-Z,Fact: The atomic number of the metal most abundant in human bones is ,"[""calcium""]", ,"[""2"", ""4"", ""3"", ""1"", ""5""]"
multihop,func-pumps-chambers,"Fact: In humans, the organ that pumps blood through the body has this many chambers: ","[""heart""]", ,"[""4"", ""\n"", ""\n\n"", ""2"", ""0""]"
multihop,func-filters-count,"Fact: In humans, the number of organs that filter blood to make urine is ","[""kidney""]", ,"[""2"", ""0"", ""1"", ""3"", ""\n""]"
multihop,birthstone-emerald-month,Fact: Emerald is the birthstone for month number ,"[""May""]", ,"[""5"", ""1"", ""2"", ""3"", ""4""]"
multihop,holiday-independence-monthnum,Fact: The US Independence Day holiday is celebrated in month number ,"[""July""]", ,"[""7"", ""0"", ""6"", ""4"", ""2""]"
multihop,holiday-christmas-monthnum,Fact: Christmas Day is celebrated in month number ,"[""December""]", ,"[""1"", ""2"", ""6"", ""7"", ""5""]"
multihop,holiday-halloween-monthnum,Fact: Halloween is celebrated in month number ,"[""October""]", ,"[""1"", ""7"", ""8"", ""6"", ""2""]"
multihop,etym-janus-monthnum,Fact: The month named after the two-faced Roman god of doorways is month number ,"[""January""]", ,"[""1"", ""2"", ""6"", ""3"", ""4""]"
multihop,etym-caesar-monthnum,Fact: The month named after Julius Caesar is month number ,"[""July""]", ,"[""7"", ""2"", ""4"", ""3"", ""6""]"
multihop,inv-balloon-opposite,"Fact: The direction opposite to the one a helium balloon floats toward is ""","[""up""]"," ""","[""down"", ""Down"", ""up"", ""DOWN"", ""the""]"
multihop,inv-roots-opposite,"Fact: The direction opposite to the one tree roots grow is ""","[""down""]"," ""","[""up"", ""Up"", ""down"", ""UP"", ""towards""]"
multihop,rhyme-tree-squared,Fact: The square of the number whose name rhymes with tree is ,"[""three""]", ,"[""9"", ""3"", ""2"", ""4"", ""0""]"
multihop,rhyme-hive-plusone,Fact: One more than the number whose name rhymes with hive is ,"[""five""]", ,"[""6"", ""\n"", ""5"", ""<u>"", ""1""]"
multihop,firstletter-halloween-month,"Fact: The first letter of the month containing Halloween is ""","[""October""]"," ""","[""O"", ""o"", ""S"", ""C"", ""T""]"
multihop,pred-valentines-prevmonth,"Fact: The month immediately before the one containing Valentine's Day is ""","[""February""]"," ""","[""January"", ""February"", ""JAN"", ""**."", ""the""]"
multihop,dual-stars-visible-opposite,"Fact: The opposite of the time of day when stars are visible is ""","[""night""]"," ""","[""day"", ""Day"", ""the"", "" daytime"", ""dawn""]"
multihop,dual-photosynthesis-opposite,"Fact: The opposite of the time of day when plants photosynthesize is ""","[""day""]"," ""","[""night"", ""Night"", ""the"", ""at"", ""midnight""]"
multihop,double-dice-faces,Fact: Double the number of faces on a standard die is ,"[""6"", ""six""]", ,"[""1"", ""6"", ""2"", ""5"", ""3""]"
multihop,letterpos-oxygen-symbol,Fact: The position in the alphabet of the chemical symbol for oxygen is ,"[""O""]", ,"[""1"", ""2"", ""8"", ""3"", ""5""]"
multihop,letterpos-carbon-symbol,Fact: The position in the alphabet of the chemical symbol for carbon is ,"[""C""]", ,"[""3"", ""1"", ""2"", ""5"", ""4""]"
multihop,letterpos-nitrogen-symbol,Fact: The position in the alphabet of the chemical symbol for nitrogen is ,"[""N""]", ,"[""1"", ""7"", ""2"", ""5"", ""3""]"
multihop,dbl-altitude-antonym,"Fact: The antonym of how you would describe an airplane's cruising altitude is ""","[""high""]"," ""","[""low"", ""Low"", ""down"", ""lo"", ""high""]"
multilingual,japanese-day-monday,月曜日の次の日は,"[""Japanese"", ""day"", ""Monday"", ""Tuesday""]",日は,"[""\u706b"", ""**"", ""\u3001"", ""\u4f55"", ""\u3002""]"
multilingual,turkish-opposite-fast,"""Hızlı"" kelimesinin zıttı ""","[""Turkish"", ""opposite"", ""fast"", ""slow""]"," ""","[""y"", ""Y"", ""yorum"", ""ya"", ""yak""]"
multilingual,spanish-number-three,"Después del ""tres"" viene el ""","[""Spanish"", ""number"", ""three"", ""four""]"," ""","[""cu"", ""four"", ""cut"", ""cua"", ""tres""]"
multilingual,french-number-seven,"Après ""sept"" vient ""","[""French"", ""number"", ""seven"", ""eight""]"," ""","[""h"", ""sept"", ""//"", "" huit"", ""eight""]"
multilingual,portuguese-direction-up,"O oposto de ""cima"" é ""","[""Portuguese"", ""opposite"", ""up"", ""down""]"," ""","[""baixo"", ""ba"", ""em"", ""bottom"", ""//""]"
multilingual,dutch-direction-left,"Het tegenovergestelde van ""links"" is ""","[""Dutch"", ""opposite"", ""left"", ""right""]"," ""","[""rechts"", ""rights"", ""re"", ""right"", "" Rechts""]"
multilingual,polish-direction-left,"Przeciwieństwo ""lewa"" to ""","[""Polish"", ""opposite"", ""left"", ""right""]"," ""","[""p"", ""pra"", ""praw"", ""rawa"", ""\u043f\u0440\u0430\u0432\u0430""]"
multilingual,german-family-aunt,"Die Schwester deiner Mutter ist deine ""","[""German"", ""family"", ""sister"", ""aunt""]"," ""","[""T"", ""Gro"", ""t"", ""M"", ""gro""]"
multilingual,french-family-nephew,"Le fils de ta sœur est ton ""","[""French"", ""family"", ""son"", ""nephew""]"," ""","[""ne"", ""Ne"", ""**"", ""le"", ""petit""]"
multilingual,ukrainian-opposite-day,"Протилежність ""день"" - це ""","[""Ukrainian"", ""opposite"", ""day"", ""night""]"," ""","[""\u043d\u0456"", ""\u041d"", ""\u043d\u0456\u043c"", ""\u0432\u043d\u043e"", ""**""]"
multilingual,bulgarian-color-grass,"Цветът на ""тревата"" е ""","[""Bulgarian"", ""color"", ""grass"", ""green""]"," ""","[""\u0437\u0435"", ""\u0437\u0438"", ""\u0437\u043e"", ""\u0417"", ""\u0442\u0435""]"
multilingual,serbian-opposite-day,"Супротно од ""дан"" је ""","[""Serbian"", ""opposite"", ""day"", ""night""]"," ""","[""\u043d\u043e"", ""\u0646\u0648"", ""no"", ""**"", ""\n""]"
multilingual,croatian-opposite-big,"Suprotno od ""velik"" je ""","[""Croatian"", ""opposite"", ""big"", ""small""]"," ""","[""m"", ""mal"", ""malign"", ""**"", ""sit""]"
multilingual,estonian-opposite-open,"Sõna ""avatud"" vastand on ""","[""Estonian"", ""opposite"", ""open"", ""closed""]"," ""","[""sul"", ""su"", ""av"", ""s"", ""**""]"
multilingual,irish-opposite-big,"Is é an focal atá contrártha le ""mór"" ná ""","[""Irish"", ""opposite"", ""big"", ""small""]"," ""","[""be"", ""b\u00e9"", ""b\u00ed"", ""\u0431\u0435"", ""bean""]"
multilingual,filipino-opposite-up,"Ang kabaligtaran ng ""taas"" ay ""","[""Filipino"", ""opposite"", ""up"", ""down""]"," ""","[""b"", ""bab"", ""**"", ""Baba"", ""aba""]"
multilingual,fr-month-after-jan,"Le mois après janvier est ""","[""French"", ""month"", ""January"", ""February""]"," ""","[""f\u00e9"", ""F"", ""**"", "" **"", ""le""]"
multilingual,fr-month-after-may,"Le mois après mai est ""","[""French"", ""month"", ""May"", ""June""]"," ""","[""ju"", ""J"", "" Juin"", ""Jun"", ""jun""]"
multilingual,fr-month-before-mar,"Le mois avant mars est ""","[""French"", ""month"", ""March"", ""February""]"," ""","[""f\u00e9"", ""F"", ""f"", ""le"", "" **""]"
multilingual,de-month-after-jan,"Der Monat nach Januar ist ""","[""German"", ""month"", ""January"", ""February""]"," ""","[""Feb"", ""Der"", ""der"", ""Fe"", "" Februar""]"
multilingual,de-month-before-dec,"Der Monat vor Dezember ist ""","[""German"", ""month"", ""December"", ""November""]"," ""","[""November"", ""Nov"", ""N"", ""der"", ""NOVEMBER""]"
multilingual,es-month-after-mar,"El mes después de marzo es ""","[""espa\u00f1ol"", ""month"", ""March"", ""April""]"," ""","[""ab"", ""Abr"", "" Abril"", "" abril"", ""ap""]"
multilingual,es-month-after-sep,"El mes después de septiembre es ""","[""espa\u00f1ol"", ""month"", ""September"", ""October""]"," ""","[""oct"", ""Oct"", ""oc"", ""**"", ""ok""]"
multilingual,es-month-before-jun,"El mes antes de junio es ""","[""espa\u00f1ol"", ""month"", ""June"", ""May""]"," ""","[""may"", ""Mayo"", ""m"", ""**."", ""maya""]"
multilingual,pt-month-after-apr,"O mês depois de abril é ""","[""portugu\u00eas"", ""month"", ""April"", ""May""]"," ""","[""ma"", ""may"", ""Ma"", ""mai"", ""K""]"
multilingual,pt-month-before-aug,"O mês antes de agosto é ""","[""portugu\u00eas"", ""month"", ""August"", ""July""]"," ""","[""jul"", ""Jul"", ""jun"", ""//"", ""July""]"
multilingual,fr-half-six,"Six divisé par deux donne ""","[""French"", ""half"", ""six"", ""three""]"," ""","[""tro"", ""Tro"", ""Six"", ""T"", ""six""]"
multilingual,fr-double-three,"Le double de trois est ""","[""French"", ""double"", ""three"", ""six""]"," ""","[""six"", ""6"", ""Six"", ""le"", ""tro""]"
multilingual,de-half-six,"Sechs geteilt durch zwei ist ""","[""German"", ""half"", ""six"", ""three""]"," ""","[""d"", ""3"", ""X"", ""D"", ""...\""""]"
multilingual,fr-number-after-four,"Le nombre après quatre est ""","[""French"", ""number"", ""four"", ""five""]"," ""","[""cin"", ""Cin"", ""5"", ""**"", "" cinq""]"
multilingual,de-number-after-three,"Die Zahl nach drei ist ""","[""German"", ""number"", ""three"", ""four""]"," ""","[""vier"", ""V"", ""4"", ""quatre"", ""v""]"
multilingual,es-number-after-two,"El número después de dos es ""","[""espa\u00f1ol"", ""number"", ""two"", ""three""]"," ""","[""tres"", ""Tres"", ""3"", ""tr"", ""three""]"
multilingual,es-time-after-day,"Después del día viene la ""","[""espa\u00f1ol"", ""time"", ""day"", ""night""]"," ""","[""n"", ""//"", ""no"", ""nos"", ""noc""]"
multilingual,pt-time-after-night,"Depois da noite vem o ""","[""portugu\u00eas"", ""time"", ""night"", ""day""]"," ""","[""dia"", "" same"", ""//"", ""aman"", "" la""]"
multilingual,fr-size-big-small,"Le contraire de ""grand"" est ""","[""French"", ""size"", ""big"", ""small""]"," ""","[""petit"", ""p"", ""pet"", ""**"", ""est""]"
multilingual,de-size-big-small,"Das Gegenteil von ""groß"" ist ""","[""German"", ""size"", ""big"", ""small""]"," ""","[""kle"", ""Klein"", ""kl"", "" klein"", ""**""]"
multilingual,es-size-big-small,"Lo contrario de ""grande"" es ""","[""espa\u00f1ol"", ""size"", ""big"", ""small""]"," ""","[""pe"", ""Pe"", ""**"", ""_____"", "" peque\u00f1o""]"
multilingual,pt-size-big-small,"O contrário de ""grande"" é ""","[""portugu\u00eas"", ""size"", ""big"", ""small""]"," ""","[""pe"", ""//"", ""**"", ""pel"", ""pec""]"
multilingual,fr-place-up-down,"Le contraire de ""haut"" est ""","[""French"", ""place"", ""up"", ""down""]"," ""","[""bas"", ""**."", ""________"", ""...\"""", ""Bas""]"
multilingual,de-place-up-down,"Das Gegenteil von ""oben"" ist ""","[""German"", ""place"", ""up"", ""down""]"," ""","[""un"", ""unter"", ""Unt"", ""unters"", ""unden""]"
multilingual,es-place-up-down,"Lo contrario de ""arriba"" es ""","[""espa\u00f1ol"", ""place"", ""up"", ""down""]"," ""","[""abajo"", ""aba"", ""ab"", "" abajo"", ""Ab""]"
multilingual,fr-place-near-far,"Le contraire de ""près"" est ""","[""French"", ""place"", ""near"", ""far""]"," ""","[""loin"", ""lo"", "" loin"", "" **"", ""**.""]"
multilingual,de-place-near-far,"Das Gegenteil von ""nah"" ist ""","[""German"", ""place"", ""near"", ""far""]"," ""","[""fern"", ""weit"", ""**"", ""fer"", "" fern""]"
multilingual,es-place-near-far,"Lo contrario de ""cerca"" es ""","[""espa\u00f1ol"", ""place"", ""near"", ""far""]"," ""","[""le"", ""lej"", ""**"", "" lejos"", ""lo""]"
multilingual,pt-place-near-far,"O contrário de ""perto"" é ""","[""portugu\u00eas"", ""place"", ""near"", ""far""]"," ""","[""lon"", ""long"", ""//"", ""**"", ""lo""]"
multilingual,fr-time-old-young,"Le contraire de ""vieux"" est ""","[""French"", ""time"", ""old"", ""young""]"," ""","[""je"", ""Je"", ""ne"", ""\u0458\u0435"", ""neu""]"
multilingual,pt-time-old-new,"O contrário de ""velho"" é ""","[""portugu\u00eas"", ""time"", ""old"", ""new""]"," ""","[""novo"", ""nov"", ""nova"", ""//"", ""nos""]"
multilingual,fr-order-first-last,"Le contraire de ""premier"" est ""","[""French"", ""order"", ""first"", ""last""]"," ""","[""dern"", ""der"", ""premier"", ""den"", ""____""]"
multilingual,de-order-first-last,"Das Gegenteil von ""erste"" ist ""","[""German"", ""order"", ""first"", ""last""]"," ""","[""let"", "" letzte"", ""letzt"", ""lette"", ""Let""]"
multilingual,es-order-first-last,"Lo contrario de ""primero"" es ""","[""espa\u00f1ol"", ""order"", ""first"", ""last""]"," ""","[""\u00falt"", ""ultimo"", ""prim"", ""\u00fa"", ""u""]"
multilingual,pt-order-first-last,"O contrário de ""primeiro"" é ""","[""portugu\u00eas"", ""order"", ""first"", ""last""]"," ""","[""\u00falt"", ""ultimo"", ""prime"", ""**"", ""oit""]"
multilingual,frn-month-after-jun,"Le mois après juin est ""","[""fran\u00e7ais"", ""month"", ""June"", ""July""]"," ""","[""ju"", ""Ju"", ""**."", ""**"", "" **""]"
typo,typo-language,The course required that every student learn a second langauge,"[""language""]",auge,"[""."", "" own"", "" la"", "" language"", "" course""]"
typo,typo-government,The new policy was announced last week by the federal goverment,"[""government""]",ment,"["" federal"", "" la"", ""."", ""ally"", ""y""]"
typo,typo-across,She picked up her bag and walked slowly accross,"[""across""]",ross,"["" the"", ""y"", "" across"", "" a"", "" acc""]"
typo,typo-address,Please write your full name and your current adress,"[""address""]", adress,"[""ing"", ""al"", ""y"", ""e"", ""ions""]"
typo,typo-until,The library will stay open every night untill,"[""until""]",ill,"["" own"", "" the"", "" unt"", "" tomorrow"", "" midnight""]"
typo,typo-people,The stadium was packed with nearly forty thousand poeple,"[""people""]",eple,"[""."", "" po"", "" people"", "" own"", ""e""]"
typo,typo-something,He paused at the door as if he had forgotten somthing,"[""something""]",thing,"[""."", "" something"", "","", "" which"", "" as""]"
typo,typo-business,After college she moved to the city and started her own buisness,"[""business""]",ness,"[""."", "" business"", "" starting"", "" startup"", "" venture""]"
typo,typo-different,The second draft of the essay took a completely diferent,"[""different""]",ent,"["" direction"", "" approach"", "" kind"", ""y"", "" path""]"
typo,typo-really,Even after reading it twice she was not realy,"[""really""]",y,"["" la"", "" real"", "" own"", "" a"", "" ready""]"
typo,typo-field,The players jogged out onto the freshly mowed feild,"[""field""]",ild,"[""."", "" la"", "","", "" field"", ""y""]"
typo,typo-review,The editor asked her to write a short reveiw,"[""review""]",iw,"["" own"", "" of"", "" la"", ""y"", "" review""]"
typo,typo-science,Her favorite subject in school was always sceince,"[""science""]",ince,"[""."", "" science"", "" la"", "" since"", "" own""]"
typo,typo-library,She returned the overdue books to the local libary,"[""library""]",ary,"[""."", "" today"", "" this"", "" yesterday"", "" with""]"
typo,typo-February,Her birthday falls on the last day of Febuary,"[""February""]",uary,"[""."", "" birthday"", "","", ""_"", "" of""]"
typo,typo-together,The family finally sat down to eat togther,"[""together""]",ther,"[""e"", ""y"", ""."", ""i"", ""a""]"
typo,typo-against,The final vote was nine to two aganst,"[""against""]",anst,"["" own"", "" the"", "" against"", ""**"", ""es""]"
typo,typo-building,The fire alarm rang throughout the entire bulding,"[""building""]",ding,"[""."", "" building"", ""ly"", "" throughout"", "" during""]"
typo,typo-without,He left the house in a hurry and withot,"[""without""]",ot,"["" with"", ""with"", "" without"", "" even"", "" own""]"
typo,typo-another,She reached into the bag and pulled out anther,"[""another""]",ther,"[""y"", ""e"", "" an"", ""an"", "" person""]"
typo,typo-between,The cat squeezed itself into the gap betwen,"[""between""]",wen,"["" the"", "" two"", "" bet"", ""the"", ""\u2019""]"
typo,typo-several,The delay lasted for sevral,"[""several""]",ral,"[""y"", "" sev"", "" several"", ""yk"", ""e""]"
typo,typo-special,The chef prepared a dish for the specal,"[""special""]",al,"["" special"", "" spec"", ""y"", "" occasion"", "" meal""]"
typo,typo-country,She had never traveled outside of her own contry,"[""country""]",ry,"[""."", "" before"", "","", "" until"", "" own""]"
typo,typo-company,He worked at the same software compny,"[""company""]",ny,"["" for"", "" la"", "" as"", "" where"", "" on""]"
typo,typo-which,She could not decide whhich,"[""which""]",ich,"["" way"", "" of"", "" one"", "" path"", "" which""]"
typo,typo-running,The water in the sink was still runing,"[""running""]",ing,"[""."", "" run"", ""y"", "" own"", "" running""]"
typo,typo-million,The painting sold for over ten milion,"[""million""]", milion,"["" milion"", "" dollars"", "" dol"", "" million"", ""y""]"
typo,typo-village,They stayed in a small fishing vilage,"[""village""]",age,"["" in"", ""."", "" on"", "" where"", "" called""]"
typo,typo-message,He checked his phone and saw a new mesage,"[""message""]",age,"["" own"", ""."", "" from"", ""s"", "" which""]"
typo,typo-change,She reached into her pocket for some loose chagne,"[""change""]",agne,"[""."", "" and"", "","", ""s"", ""y""]"
typo,typo-always,She said she would alwyas,"[""always""]",as,"["" be"", "" love"", "" l"", "" stay"", "" b""]"
typo,typo-island,The ferry took them out to the small isalnd,"[""island""]",nd,"[""e"", "" island"", "" own"", ""y"", "".""]"
typo,typo-single,She did not want to waste a sinlge,"[""single""]",lge,"["" single"", "" sin"", ""y"", "" kind"", "" own""]"
typo,typo-little,He poured himself a litle,"[""little""]",itle,"["" bit"", "" l"", ""y"", ""e"", "" drink""]"
typo,typo-although,She agreed to help even allthough,"[""although""]",though,"["" although"", "" all"", "" she"", ""y"", "" the""]"
typo,typo-again,He promised he would never do it agian,"[""again""]",ian,"[""."", "".**"", "" again"", "" but"", ""ly""]"
typo,typo-program,She enrolled in the graduate programm,"[""program""]", programm,"[""."", "" enrolled"", ""me"", ""**"", "" on""]"
typo,typo-model,The engineer built a scale moddel,"[""model""]",del,"["" of"", "" mod"", ""y"", ""le"", "" a""]"
typo,typo-family,He spent the holidays with his entire familly,"[""family""]",ly,"[""."", ""y"", "" including"", "" famil"", "" own""]"
typo,typo-future,Nobody could predict what lay in the futture,"[""future""]",ture,"[""."", ""e"", "" of"", ""of"", ""...""]"
typo,typo-level,The water rose to a dangerous levell,"[""level""]",ell,"[""."", ""lev"", ""l"", "","", ""ll""]"
typo,typo-local,She bought vegetables at the locall,"[""local""]",all,"["" market"", "" supermarket"", "" vegetable"", "" grocery"", "" Market""]"
typo,typo-order,He placed the same lunch ordder,"[""order""]",der,"[""y"", ""s"", "" own"", "" which"", "" as""]"
typo,typo-study,She stayed up all night to studdy,"[""study""]",dy,"["" for"", ""."", "" the"", "" own"", "" their""]"
typo,typo-write,The teacher asked them to writte,"[""write""]",te,"["" a"", "" the"", "" their"", "" an"", "" writ""]"
typo,typo-young,She started playing piano when she was very younng,"[""young""]",ng,"[""."", ""y"", "" own"", ""ly"", "",""]"
typo,typo-human,The discovery changed the course of humman,"[""human""]",man,"[""ity"", "" history"", "" course"", ""y"", ""ly""]"
typo,typo-major,The bridge repair was a majjor,"[""major""]",jor,"["" maj"", ""ity"", ""y"", ""s"", "" milestone""]"
typo,typo-often,She said she did not visit very offten,"[""often""]",ften,"[""."", "" as"", "" own"", ""\n"", "" but""]"
typo,typo-present,He unwrapped the birthday pressent,"[""present""]",ent,"[""y"", "" present"", ""."", "" for"", "" with""]"
typo,typo-product,The company released its newest prodduct,"[""product""]",duct,"["" today"", "","", "" product"", ""s"", "" of""]"
typo,typo-project,She spent three months on the projject,"[""project""]",ject,"[""."", ""y"", "","", "" proj"", "" project""]"
typo,typo-support,He called the help line for technical suport,"[""support""]", suport,"["" own"", ""."", "" for"", "" technical"", "" because""]"
typo,typo-division,The company announced a new sales divission,"[""division""]",ission,"["" which"", ""y"", "" division"", "" for"", "" of""]"
typo,typo-original,The museum displayed the orignal,"[""original""]",ignal,"["" painting"", "" documents"", "" paintings"", "" artwork"", "" collection""]"
typo,typo-position,She accepted the new possition,"[""position""]",ition,"["" with"", ""."", "" as"", "" because"", "" in""]"
typo,typo-material,The dress was made of a soft matterial,"[""material""]",ial,"["" own"", ""."", "" that"", "" which"", "" material""]"
typo,typo-security,The building hired extra securrity,"[""security""]",ity,"["" for"", "" guards"", "" to"", ""."", "" security""]"
typo,typo-training,The new employees completed their trainning,"[""training""]",ning,"["" training"", "" own"", ""y"", "" during"", "" up""]"
typo,typo-football,Every Sunday he watched footbal,"[""football""]",bal,"[""."", "" l"", ""\n"", ""**."", "" own""]"
typo,typo-course,She signed up for the evening coruse,"[""course""]",use,"[""."", "" course"", "" of"", "" evening"", ""s""]"
typo,typo-great,The view from the top was graet,"[""great""]",et,"[""."", ""!"", "","", ""ly"", ""gra""]"
typo,typo-light,She switched off the bedroom ligth,"[""light""]",th,"[""t"", "" lig"", ""set"", ""ts"", "" own""]"
typo,typo-night,He worked late into the nigth,"[""night""]",th,"[""y"", ""."", "" nig"", "" night"", "",""]"
typo,typo-control,The pilot fought hard to regain contorl,"[""control""]",l,"["" of"", ""."", ""e"", "" after"", "" la""]"
typo,typo-world,He wanted to travel all over the wolrd,"[""world""]",rd,"[""."", ""e"", ""y"", "" world"", ""ly""]"
typo,typo-market,Every Saturday they visited the farmers makret,"[""market""]",ret,"[""."", ""//"", ""ly"", ""s"", "".**""]"
typo,typo-person,She was the last perosn,"[""person""]",n,"["" to"", "" in"", "" on"", "" left"", "" standing""]"
typo,typo-number,He wrote down her phone numbr,"[""number""]",br,"[""."", "" but"", ""s"", "" on"", ""r""]"
typo,typo-within,The package should arrive wihtin,"[""within""]",in,"["" "", "" the"", "" a"", "" two"", "" three""]"
typo,typo-second,He finished the race in secnod,"[""second""]",nod,"[""y"", "" second"", ""s"", "" sec"", ""l""]"
typo,typo-source,The reporter refused to name her soruce,"[""source""]",uce,"["" own"", ""."", ""y"", "" la"", ""//""]"
typo,typo-action,He decided to take immediate aciton,"[""action""]",iton,"["" own"", ""."", "" to"", "" action"", "" of""]"
typo,typo-since,She had not seen him sicne,"[""since""]",ne,"["" the"", "" they"", "" she"", "" he"", "" since""]"
typo,typo-first,She was the one who arrived frist,"[""first""]",ist,"[""."", "","", ""ly"", "" in"", ""y""]"
typo,typo-short,The meeting was kept shrot,"[""short""]",rot,"[""."", ""ly"", ""y"", "" sh"", "" short""]"
association,grief,"She kept his coffee mug on the counter, washed it every morning and put it back, though no one had used it in eleven months.","[""grief""]",.,"["" "", ""\n\n"", ""<turn|>"", ""\n"", "" Instead""]"
association,pregnant,"She turned down the wine with a small smile and kept one hand on the table edge, not quite touching her stomach.","[""pregnant""]",.,"[""\n\n"", "" Her"", "" "", "" Here"", "" She""]"
association,lie,"He couldn't meet her eyes when she asked, and the answer came out a half-second too fast.","[""lie""]",.,"["" \"""", ""\n\n"", "" The"", "" "", "" He""]"
association,poverty,"She did the math twice before the cashier scanned the last item, and put the cereal back without explaining.","[""poverty""]",.,"[""\n\n"", "" She"", "" Put"", "" "", "" she""]"
association,proposal,"He touched his jacket pocket for the fourth time that evening, rehearsing the words again while the waiter cleared the plates.","[""proposal""]",.,"[""\n\n"", "" "", ""\n"", "" Wait"", "" The""]"
association,divorce,"She signed on the line her lawyer pointed to, slid the pen across the table, and didn't wait for him to pick it up.","[""divorce""]",.,"[""\n\n"", "" She"", "" "", "" Her"", "" she""]"
association,relief,"She read the line twice before she let herself breathe, and the paper shook a little as she set it down.","[""relief""]",.,"[""\n\n"", "" The"", "" Her"", "" "", "" She""]"
association,darwin,"He reread the letter and felt twenty years of notes collapse — someone else had seen it too, and written it down first.","[""Darwin""]",.,"[""\n\n"", ""<turn|>"", ""\n"", "" "", "" (""]"
association,lincoln,"He folded the two pages back into his coat — the other man had spoken for two hours, and he would need about two minutes.","[""Lincoln""]",.,"[""\n\n"", "" He"", ""\n"", "" he"", "" (""]"
association,obama,"The portraits on the wall had all been one color, and the desk was smaller than he'd expected when he sat down that first January morning.","[""Obama""]",.,"[""\n\n"", "" The"", "" Desk"", ""\n"", "" Small""]"
association,churchill,"He lit another cigar in the war room and leaned into the microphone, knowing the sirens above ground were doing half his work for him.","[""Churchill""]",.,"["" He"", ""\n\n"", "" \"""", "" "", ""\n""]"
association,newton,He watched the white light split into seven on the far wall and reached for a fresh page before the sun moved.,"[""Newton""]",.,"[""<turn|>"", "" He"", ""\n\n"", ""\n"", "" ""]"
association,mozart,"The boy's feet didn't reach the pedals, but the emperor stopped talking when the first chord landed.","[""Mozart""]",.,"[""\n\n"", "" The"", "" ("", ""\n"", ""<turn|>""]"
association,armstrong,His boot sank an inch into the gray dust and the flag behind him wouldn't hang right with nothing there to move it.,"[""Armstrong""]",.,"[""\n\n"", "" He"", "" The"", "" "", "" (""]"
association,wright,"Twelve seconds, his brother shouted from the dune, and the machine was already back on the sand — but for twelve seconds it hadn't been.","[""Wright""]",.,"["" ("", ""\n\n"", ""<turn|>"", "" For"", "" ""]"
association,gandhi,He reached the sea after three weeks on foot and bent to lift a handful of what the law said he could not make.,"[""Gandhi""]",.,"[""\n\n"", ""\n"", "" a"", "" "", "" He""]"
association,edison,Filament nine hundred and something — he'd stopped counting the exact number — and this one held its glow past the first minute.,"[""Edison""]",.,"[""\n\n"", "" "", "" a"", ""\n"", "" (""]"
association,cia,"He'd used three names in as many cities and the folder on the table had more black bars than words, and none of them were his either.","[""CIA""]",.,"[""\n\n"", ""\n"", "" "", "" ("", "" [""]"
association,vatican,"The doors had been sealed for two days when the smoke finally changed color, and the crowd in the square knew before the bells did.","[""Vatican""]",.,"[""\n\n"", "" "", "" The"", "" And"", "" Before""]"
association,pentagon,"The building had five sides and she'd walked the inside of all of them that morning, and the badge at her neck still didn't open the door she needed.","[""Pentagon""]",.,"[""\n\n"", "" "", "" ("", ""\n"", "" a""]"
association,unesco,"The emblem had been Julian Huxley's idea, or near enough, and now it hung beside a thousand temple gates and a thousand ruins the world had agreed to keep.","[""UNESCO""]",.,"["" la"", ""\n\n"", "" ("", ""\n"", "" a""]"
association,anger,"""It's fine,"" she said, and set the cup down so carefully it didn't make a sound.","[""anger""]",.,"[""\n\n"", ""1"", "" "", ""\n"", ""<turn|>""]"
association,frustrated,"He explained it a third time, slower, and watched her eyes go to the clock again.","[""frustrated""]",.,"["" He"", ""\n\n"", "" \"""", "" "", ""\n""]"
association,lonely,He cooked for two out of habit and scraped the second plate into the bin before sitting down.,"[""lonely""]",.,"[""\n\n"", "" He"", "" "", ""\n"", "" It""]"
association,shame,"She paid in cash and didn't meet the clerk's eyes, the small bag tucked inside her coat before she reached the door.","[""shame""]",.,"[""\n\n"", ""\n"", "" The"", "" she"", "" She""]"
association,noir,"The neon bled through the blinds in stripes across the desk, and the dame in the doorway had a problem and a cigarette and no intention of telling him which was which.","[""noir""]",.,"[""\n\n"", "" She"", "" "", "" He"", "" \""""]"
association,horror,"The phone line had been cut sometime after midnight, and now the scratching in the walls had moved from the attic to just behind the bedroom door.","[""horror""]",.,"[""\n\n"", "" It"", "" "", "" Now"", ""<turn|>""]"
association,rivals,"They shook hands for the cameras and held it a beat too long, each waiting for the other to let go first.","[""rivals""]",.,"["" It"", ""\n\n"", "" In"", "" A"", "" ""]"
association,boss,"She kept typing while he stood in her doorway, and he waited, because the meeting didn't start until she closed the laptop.","[""boss""]",.,"[""\n\n"", "" "", "" He"", "" ("", "" The""]"
association,neighbors,"She knew what time his car left and what night the bins went out, and had waved at him for six years without learning either of his names.","[""neighbors""]",.,"[""<turn|>"", ""\n\n"", "" "", "" ("", "" He""]"
association,teacher,"She circled the same mistake in the same red ink she'd used on the last thirty, and reached for the next one on the pile.","[""teacher""]",.,"[""\n\n"", "" "", ""\n"", ""<turn|>"", "" Her""]"
association,underwater,"Every sound reached her a half-second late and muffled, and the pressure behind her eyes grew with each meter down.","[""underwater""]",.,"[""\n\n"", "" ("", "" "", ""<turn|>"", "" The""]"
association,desert,"The horizon shook in the heat and his shadow had shrunk to a puddle at his feet; the last of the water was three swallows, maybe four.","[""desert""]",.,"["" He"", ""\n\n"", "" "", "" The"", ""He""]"
association,chess,"Neither of them had spoken in forty minutes when she finally moved the knight, and he tapped the clock without looking up.","[""chess""]",.,"[""\n\n"", "" He"", "" "", ""\n"", "" Without""]"
association,poker,He pushed the last of his chips to the center and kept his face the way it had been for the last three hands — which was the problem.,"[""poker""]",.,"["" He"", ""\n\n"", "" Which"", ""\n"", "" (""]"
association,interview,"The question hung there and he realized the pause had already gone on too long; across the table, a pen hovered over a page he couldn't read.","[""interview""]",.,"["" He"", "" Across"", "" The"", ""\n\n"", "" ""]"
association,dawn,"The first bird started before the sky did, and the cold had that thin quality that wouldn't last another hour.","[""dawn""]",.,"["" This"", "" Thin"", "" The"", "" Here"", "" That""]"
association,winter,The light was already failing by four and the radiators clanked awake one by one through the building.,"[""winter""]",.,"["" The"", ""\n\n"", "" radiators"", ""\n"", "" They""]"
association,death-h,"The flowers on the table had been changed twice already, and the black dress still hung on the closet door where she'd put it out the night before the service.","[""death""]",.,"[""\n\n"", "" l"", ""\n"", "" la"", "" Here""]"
association,war-h,"The letters stopped coming after the telegram, and she kept the ration book in the drawer where his photograph used to be.","[""war""]",.,"[""\n\n"", "" Here"", "" Which"", ""<turn|>"", "" In""]"
association,love-h,"They'd reached the point where silences didn't need filling, and her hand found his across the table without either of them looking.","[""love""]",.,"[""\n\n"", "" Their"", "" It"", "" This"", "" ""]"
association,home-h,"The smell hit him before the door was fully open — something his mother had made a thousand times, and he was seven years old again for exactly as long as it lasted.","[""home""]",.,"[""\n\n"", "" "", "" For"", "" Then"", "" He""]"
association,school-h,"The bell rang and thirty chairs scraped at once, but she stayed at her desk, still staring at the red marks on page three.","[""school""]",.,"["" la"", ""\n\n"", "" red"", ""\n"", ""\u2019""]"
association,office-h,"The coffee in the break room had been sitting since nine, and the clock above the copier ticked louder than anyone's typing.","[""office""]",.,"["" The"", "" T"", ""\n\n"", "" Clock"", "" ""]"
association,court-h,"The gavel came down twice and she felt her lawyer's hand on her arm, but she couldn't read the verdict in his face.","[""court""]",.,"[""\n\n"", "" She"", "" He"", ""\n"", "" Her""]"
association,park-h,"The bench had been there longer than she had, and the brass plaque said it had been someone's favorite spot before it was hers.","[""park""]",.,"["" It"", ""\n\n"", "" He"", "" "", "" She""]"
association,city-h,"The noise never stopped, just changed shape — sirens into traffic into construction into the 3 a.m. garbage truck she'd learned to sleep through.","[""city""]",.,"["" Until"", "" Then"", "" But"", "" "", "" Now""]"
association,town-h,"Everyone knew which house had the dog that barked and which porch light meant someone was still up, and the new family hadn't figured out yet that the curtains were optional.","[""town""]",.,"[""\n\n"", "" curtains"", "" Here"", "" "", "" Cur""]"
association,field-h,"The stalks went past her shoulders and the path behind her had already closed, but the farmhouse roof was still visible if she stood on her toes.","[""field""]",.,"[""\n\n"", "" farmhouse"", ""\n"", "" roof"", "" Here""]"
association,store-h,"The cart had a wheel that pulled left, and by aisle six she'd given up fighting it and just let it lead.","[""store""]",.,"[""\n\n"", "" ("", ""\n"", "" a"", "" ""]"
association,art-h,"She stepped back three paces, tilted her head, then stepped forward and scraped the whole left corner back to canvas.","[""art""]",.,"[""\n\n"", ""\n"", "" "", "" a"", "" \ub2e4\uc2dc""]"
association,music-h,"The conductor's hand hung in the air one extra beat, and in the silence before it fell, two thousand people held their breath.","[""music""]",.,"[""\n\n"", ""\n"", "" la"", "" Then"", "" Two""]"
association,math-h,"He filled the third board, capped the marker, and stood back — somewhere in those six hundred symbols was either the proof or the mistake.","[""math""]",.,"[""\n\n"", ""<turn|>"", ""\n"", ""<channel|>"", "" ""]"
association,science-h,"The result came back the same the fourth time, and she stared at the readout until it stopped meaning anything, because if it was right, the textbook was wrong.","[""science""]",.,"[""\n\n"", "" If"", "" And"", "" and"", "" (""]"
association,law-h,"She read the clause a third time, initialed where the tab pointed, and tried not to think about what 4(b) would mean if anyone ever invoked it.","[""law""]",.,"[""\n\n"", "" "", "" She"", "" Then"", ""\n""]"
association,film-h,"The lights went down and the logo came up, and for two hours the whole room forgot it had bodies.","[""film""]",.,"["" For"", "" Then"", "" This"", ""\n\n"", "" ""]"
association,code-h,"The test went green on the forty-third run, and she immediately distrusted it — green after forty-two reds meant she'd fixed the wrong thing.","[""code""]",.,"["" la"", ""\n\n"", ""\n"", "" or"", "" (""]"
association,news-h,"The anchor's voice cracked on the second sentence, and by the third you could hear papers shuffling off-camera as someone handed her an update.","[""news""]",.,"[""\n\n"", "" "", "" The"", "" Then"", ""\n""]"
association,night-h,"The last porch light on the street clicked off, and the dark filled in so completely that the fence three feet away might as well have been a mile.","[""night""]",.,"["" The"", ""\n\n"", "" Then"", "" "", "" In""]"
association,past-h,"The photograph was from before color, and she had to squint to see her own face under all those years.","[""past""]",.,"[""\n\n"", "" squint"", "" a"", "" la"", "" and""]"
association,future-h,"The child asked what she wanted to be, and she answered with the certainty of someone who had never yet been told no.","[""future""]",.,"["" "", ""<turn|>"", ""\n"", "" ("", ""\n\n""]"
association,race-h,"The tape was fifty meters away and his lungs were already done, but the footsteps behind him were getting louder and that was all that mattered.","[""race""]",.,"[""\n\n"", ""\n"", "" "", "" ("", ""<turn|>""]"
association,game-h,"She moved the piece, looked up, and waited — and in his face she saw exactly the three moves he hadn't seen coming.","[""game""]",.,"[""<turn|>"", ""\n\n"", "" "", "" ("", ""\n""]"
association,test-h,"She filled in the last bubble, checked the clock, and decided that whatever she didn't know by now, thirty more seconds wasn't going to fix.","[""test""]",.,"[""\n\n"", "" "", "" Therefore"", "" ("", "" She""]"
association,search-h,"They'd walked the same grid four times since sunrise, and the dog kept pulling toward the creek that wasn't on anyone's map.","[""search""]",.,"[""\n\n"", ""\n"", "" That"", "" The"", "" There""]"
association,free-h,The gate buzzed and the first thing he noticed was how big the sky looked without a fence cutting it in half.,"[""free""]",.,"[""\n\n"", "" "", ""\n"", "" The"", "" Without""]"
association,found-h,"The dog came back muddy with something in its mouth, and she knew before she'd unwrapped it that this was what three weeks of posters had been for.","[""found""]",.,"[""<turn|>"", ""\n\n"", ""\n"", "" ("", ""\n\n\n""]"
association,king-h,"He sat where his father had sat, and his grandfather before that, and felt the weight of every eye in the hall waiting for the word that would become command.","[""king""]",.,"["" He"", ""\n\n"", "" ("", ""**"", "" The""]"
association,child-h,The crayon drawings on the fridge had started with houses and suns and now included something that was either a dragon or a truck — she'd learned not to ask which.,"[""child""]",.,"[""\n\n"", ""\n"", "" Therefore"", ""\u2019"", "" \u0e08\u0e36\u0e07""]"
association,air-h,"The tank gauge dropped past the red line and every breath became a calculation — how many more before the surface, and whether that math worked out.","[""air""]",.,"[""\n\n"", "" "", "" Every"", "" Each"", ""\n""]"
association,france-h,"The waiter corrected her pronunciation without looking up from the pad, and she felt every flat American syllable she'd ever spoken stack up behind her.","[""France""]",.,"[""\n\n"", "" "", "" a"", "" This"", ""\n""]"
association,china-h,"The characters on every sign meant nothing to him, and the crowd moved with a rhythm he kept half a beat behind, a billion people who all knew something he didn't.","[""China""]",.,"["" \u0935\u0939\u0940\u0902"", ""\n\n"", ""\n"", "" "", ""\u0cbf\u0ca6\u0ccd\u0ca6""]"
association,london-h,"She'd learned to carry the umbrella even when the forecast said clear, and to call the elevator something else entirely.","[""London""]",.,"[""\n\n"", "" "", "" To"", "" She"", "" (""]"
association,book-h,"She dog-eared the page, set it facedown on the arm of the chair, and told herself just one more chapter three chapters ago.","[""book""]",.,"[""\n\n"", "" \"""", "" "", ""\n"", "" Just""]"
association,time-h,"She caught her reflection in the shop window and for a second didn't recognize the face — not older exactly, just further along than she'd noticed getting.","[""time""]",.,"[""\n\n"", "" ("", "" "", "" la"", "" \""""]"
association,fr-ecole,"La sonnerie retentit et trente chaises raclèrent en même temps, mais elle resta à son pupitre, les yeux fixés sur les corrections rouges de la page trois.","[""\u00e9cole""]",.,"[""\n\n"", ""1"", "" Page"", "" Elle"", "" Voici""]"
association,fr-eglise,"L'orgue tint la dernière note plus longtemps que prévu, et elle garda la tête baissée jusqu'à ce que l'écho se soit complètement éteint.","[""\u00e9glise""]",.,"[""\n\n"", "" B\u00f6yle"", "" Wait"", "" Therefore"", ""//""]"
association,fr-pere,"Il lui montra comment tenir la clé comme son vieux le lui avait montré, sans dire que c'était la troisième fois ce mois-ci qu'elle demandait.","[""p\u00e8re""]",.,"[""\n\n"", ""\n"", "" Pour"", "" ("", "" Cela""]"
association,de-konig,"Er saß, wo sein Vater gesessen hatte, und spürte das Gewicht jedes Blickes im Saal, der auf das Wort wartete, das zum Befehl würde.","[""K\u00f6nig""]",.,"[""\n\n"", ""<turn|>"", "" "", "" \u043a\u043e\u043c\u0430\u043d\u0434\u0443"", ""comando""]"
association,es-dia,"El primer pájaro empezó antes que el cielo, y el frío tenía esa cualidad fina que no duraría otra hora.","[""d\u00eda""]",.,"[""\n\n"", "" El"", "" Este"", "" Fr"", ""1""]"
association,pt-agua,"Ela prendeu a respiração sem querer e contou as bolhas subindo pela máscara, cada uma um segundo que não voltava.","[""\u00e1gua""]",.,"["" Cada"", ""\n\n"", "" cada"", "" Seg"", "" Como""]"
association,es-musica,"La mano del director quedó suspendida un instante de más, y en el silencio antes de caer, dos mil personas contuvieron el aliento.","[""m\u00fasica""]",.,"[""\n\n"", "" own"", ""<|channel>"", ""\n"", "" cons\u00e9quence""]"
poetry,couplet-snow-grow,"A rhyming couplet:
Beneath the drift of winter's heavy snow,
The tulip bulb still waited yet to ","[""grow""]","
","[""    "", ""   "", ""The"", ""     "", ""s""]"
poetry,couplet-time-climb,"A rhyming couplet:
He watched the shadows mark the crawl of time,
And knew the hill was still too steep to ","[""climb""]","
","[""and"", ""And"", ""    "", ""While"", ""     ""]"
poetry,couplet-known-grown,"A rhyming couplet:
The child she'd rocked had vanished to the known,
And in his place a stranger stood, half-","[""grown""]","
","[""And"", ""    "", ""s"", ""  "", "" a""]"
poetry,couplet-star-far,"A rhyming couplet:
He traced the tail of one collapsing star,
And wondered if she watched it from as ","[""far""]","
","[""and"", ""And"", ""s"", ""t"", ""\n""]"
poetry,couplet-bend-end,"A rhyming couplet:
The river curved and vanished round the bend,
Where all roads meet the same and certain ","[""end""]","
","[""Where"", ""And"", ""    "", ""s"", ""     ""]"
poetry,couplet-white-write,"A rhyming couplet:
The page before her lay unmarked and white,
And all she had were words she could not ","[""write""]","
","[""     "", ""    "", ""                               "", ""      "", ""   ""]"
poetry,couplet-sold-told,"A rhyming couplet:
The merchant swore the goods could not be sold,
A secret that he never should have ","[""told""]","
","[""s"", ""    "", ""And"", ""  "", ""and""]"
poetry,couplet-threat-set,"A rhyming couplet:
The captain barked out orders under threat,
And ordered that the course be firmly ","[""set""]","
","[""The"", ""And"", ""and"", ""the"", ""a""]"
